{"stats":{"minecraft:used":{"minecraft:cookie":1,"minecraft:sand":27,"travelersbackpack:standard":1,"tombstone:gift":1},"minecraft:mined":{"minecraft:grass":23,"byg:palm_log":12,"minecraft:sand":34,"byg:short_grass":2},"minecraft:custom":{"minecraft:open_chest":6,"minecraft:time_since_rest":1618,"minecraft:play_one_minute":7625,"minecraft:crouch_one_cm":218,"minecraft:damage_taken":940,"minecraft:sprint_one_cm":32547,"minecraft:deaths":3,"tombstone:undead_killed":1,"minecraft:walk_one_cm":26775,"minecraft:sneak_time":161,"minecraft:trigger_trapped_chest":1,"minecraft:walk_under_water_one_cm":65,"minecraft:mob_kills":1,"minecraft:drop":2,"minecraft:jump":230,"minecraft:damage_dealt":373,"minecraft:leave_game":4,"minecraft:time_since_death":1790,"minecraft:walk_on_water_one_cm":281,"minecraft:swim_one_cm":276,"minecraft:fall_one_cm":7839,"minecraft:fly_one_cm":43560},"minecraft:killed":{"iceandfire:ghost":1},"minecraft:dropped":{"minecraft:wheat_seeds":1,"tombstone:grave_key":1},"minecraft:picked_up":{"minecraft:wheat_seeds":1,"ars_nouveau:worn_notebook":1,"minecraft:sand":32,"byg:palm_log":12},"minecraft:killed_by":{"lycanitesmobs:grue":1,"lycanitesmobs:jabberwock":1,"iceandfire:ghost":1}},"DataVersion":2586}