{"stats":{"minecraft:picked_up":{"byg:palm_crafting_table":2,"minecraft:feather":4,"iceandfire:copper_ore":1,"minecraft:leather":12,"minecraft:oak_log":320,"minecraft:crimson_planks":15,"minecraft:dirt":8,"minecraft:quartz_slab":2,"minecraft:bone":2,"lycanitesmobs:equipmentpart_geonachfist":1,"minecraft:wheat_seeds":3,"minecraft:spruce_planks":2,"minecraft:iron_ore":9,"minecraft:rose_bush":1,"minecraft:glass_bottle":2,"lycanitesmobs:raw_maka_meat":13,"minecraft:oak_planks":2,"minecraft:dark_oak_stairs":2,"minecraft:furnace":1,"minecraft:stick":2,"minecraft:stripped_crimson_hyphae":1,"minecraft:dark_oak_slab":2,"minecraft:stone":7,"minecraft:stone_brick_slab":1,"minecraft:quartz":8,"minecraft:spruce_stairs":2,"minecraft:sand":32,"minecraft:jungle_planks":4,"minecraft:diorite":1,"byg:cattail":1,"minecraft:purple_terracotta":2,"minecraft:dark_oak_planks":2,"travelersbackpack:standard":1,"minecraft:arrow":4,"ars_nouveau:worn_notebook":1,"minecraft:hay_block":2,"minecraft:granite":1,"byg:palm_log":12,"minecraft:coal":31,"minecraft:cobblestone":35},"minecraft:used":{"minecraft:flint_and_steel":1,"minecraft:stone_pickaxe":71,"minecraft:oak_planks":2,"minecraft:wooden_pickaxe":11,"minecraft:iron_sword":37,"byg:palm_crafting_table":2,"minecraft:cookie":1,"minecraft:dirt":11,"minecraft:sand":27,"minecraft:iron_pickaxe":9,"minecraft:iron_axe":125,"tombstone:grave_key":2,"minecraft:stone_axe":26,"minecraft:cobblestone":27,"travelersbackpack:standard":3,"minecraft:stripped_crimson_hyphae":1,"minecraft:furnace":1,"minecraft:bucket":1,"tombstone:gift":2},"minecraft:killed_by":{"minecraft:husk":2,"minecraft:vindicator":1,"lycanitesmobs:geonach":4,"minecraft:skeleton":4,"betteranimalsplus:boar":1,"minecraft:pillager":2,"lycanitesmobs:grue":1,"iceandfire:ghost":1,"lycanitesmobs:darkling":1,"lycanitesmobs:jabberwock":1,"iceandfire:sea_serpent":2},"minecraft:dropped":{"minecraft:crimson_planks":8,"minecraft:purple_terracotta":1,"minecraft:wheat_seeds":1,"minecraft:dark_oak_slab":2,"minecraft:feather":1,"minecraft:jungle_planks":4,"minecraft:spruce_stairs":2,"tombstone:grave_key":1,"byg:palm_crafting_table":1,"tombstone:grave_dust":1,"minecraft:arrow":2,"minecraft:quartz":1,"minecraft:quartz_slab":2,"minecraft:bone":2},"minecraft:custom":{"minecraft:interact_with_furnace":5,"minecraft:mob_kills":18,"tombstone:raider_killed":8,"minecraft:interact_with_crafting_table":7,"minecraft:open_barrel":30,"minecraft:play_one_minute":51188,"minecraft:leave_game":14,"minecraft:time_since_death":3010,"minecraft:sleep_in_bed":1,"minecraft:climb_one_cm":1314,"minecraft:time_since_rest":2711,"minecraft:sprint_one_cm":145081,"minecraft:damage_taken":6690,"minecraft:walk_one_cm":124682,"minecraft:trigger_trapped_chest":2,"minecraft:drop":14,"minecraft:damage_dealt":7050,"minecraft:swim_one_cm":28671,"minecraft:fly_one_cm":168919,"minecraft:talked_to_villager":2,"minecraft:open_chest":17,"minecraft:crouch_one_cm":2966,"tombstone:undead_killed":4,"minecraft:deaths":21,"minecraft:sneak_time":886,"minecraft:walk_under_water_one_cm":22893,"minecraft:jump":1019,"minecraft:walk_on_water_one_cm":19874,"minecraft:fall_one_cm":27503,"minecraft:inspect_dispenser":1},"minecraft:killed":{"minecraft:husk":1,"minecraft:witch":1,"minecraft:skeleton":2,"minecraft:pillager":7,"iceandfire:ghost":1,"lycanitesmobs:geonach":1,"lycanitesmobs:maka":4},"minecraft:mined":{"minecraft:dark_oak_planks":2,"minecraft:spruce_planks":2,"byg:palm_crafting_table":1,"minecraft:stone_brick_slab":1,"travelersbackpack:standard":1,"byg:cattail":1,"minecraft:stripped_crimson_hyphae":1,"minecraft:purple_terracotta":2,"minecraft:jungle_planks":4,"minecraft:rose_bush":1,"minecraft:oak_planks":2,"minecraft:spawner":4,"minecraft:hay_block":2,"minecraft:spruce_stairs":2,"minecraft:dark_oak_slab":1,"minecraft:furnace":1,"byg:palm_log":12,"minecraft:iron_ore":7,"minecraft:fire":1,"byg:short_grass":2,"minecraft:dark_oak_stairs":2,"minecraft:grass":40,"minecraft:oak_log":320,"minecraft:coal_ore":6,"minecraft:vine":1,"minecraft:quartz_slab":1,"minecraft:sand":34,"minecraft:crimson_planks":15,"minecraft:stone":15},"minecraft:crafted":{"minecraft:oak_planks":12,"byg:palm_crafting_table":1,"minecraft:wooden_pickaxe":1,"minecraft:furnace":1,"minecraft:stone_axe":1,"minecraft:air":0,"byg:palm_planks":48,"minecraft:iron_chestplate":1,"minecraft:shield":1,"minecraft:iron_axe":1,"minecraft:stick":16,"minecraft:iron_ingot":10,"minecraft:stone_pickaxe":1,"minecraft:iron_pickaxe":1}},"DataVersion":2586}