{"stats":{"minecraft:broken":{"minecraft:iron_leggings":2,"minecraft:iron_sword":2,"mowziesmobs:barakoa_mask_fear":1,"minecraft:stone_sword":1,"minecraft:chainmail_helmet":1,"minecraft:shield":1,"minecraft:iron_axe":5,"minecraft:iron_pickaxe":8,"minecraft:iron_helmet":3,"minecraft:diamond_boots":2},"minecraft:picked_up":{"lycanitesmobs:quillcharge":4,"minecraft:iron_chestplate":3,"minecraft:chainmail_boots":3,"iceandfire:copper_ore":9,"minecraft:prismarine_shard":21,"apotheosis:rare_tome":1,"artifacts:bunny_hoppers":1,"minecraft:smithing_table":1,"minecraft:stone_slab":39,"minecraft:oak_stairs":9,"croptopia:calamari":1,"minecraft:brewing_stand":1,"lycanitesmobs:equipmentpart_geonachspear":2,"iceandfire:manuscript":2,"lycanitesmobs:raw_arisaur_meat":15,"minecraft:string":54,"lycanitesmobs:raw_aspid_meat":2,"minecraft:pufferfish":2,"ars_nouveau:mana_gem":11,"minecraft:beetroot":13,"byg:pine_log":2,"byg:mossy_stone":1,"lycanitesmobs:immunizer":2,"minecraft:spruce_planks":154,"minecraft:coal_block":22,"minecraft:green_bed":1,"minecraft:acacia_log":5,"iceandfire:silver_ore":4,"minecraft:sandstone_wall":3,"lycanitesmobs:geistliver":8,"byg:cattail":1,"minecraft:golden_chestplate":1,"minecraft:brown_carpet":1,"travelersbackpack:iron":14,"minecraft:stone_sword":2,"ars_nouveau:worn_notebook":1,"minecraft:iron_block":1,"lycanitesmobs:equipmentpart_ventoraptorskull":1,"lycanitesmobs:equipmentpart_bansheeeye":1,"minecraft:iron_bars":22,"minecraft:birch_log":19,"minecraft:feather":76,"minecraft:iron_door":1,"minecraft:water_bucket":1,"minecraft:flint":8,"lycanitesmobs:frostwebcharge":2,"minecraft:lantern":3,"minecraft:purple_carpet":2,"minecraft:chipped_anvil":1,"minecraft:rabbit":2,"minecraft:glowstone_dust":5,"croptopia:roe":9,"apotheosis:null_book":2,"minecraft:stripped_spruce_log":3,"minecraft:ink_sac":2,"animalium:wild_dog_pelt":1,"minecraft:dark_oak_log":1,"ars_nouveau:wilden_horn":2,"minecraft:polished_andesite":2,"alexsmobs:kangaroo_hide":2,"lycanitesmobs:scorchfireballcharge":6,"iceandfire:lectern":2,"minecraft:writable_book":2,"minecraft:granite":27,"byg:palm_boat":3,"minecraft:chainmail_helmet":2,"minecraft:bread":10,"minecraft:light_gray_carpet":9,"minecraft:dark_oak_fence":2,"minecraft:bricks":5,"minecraft:diamond_pickaxe":2,"minecraft:crafting_table":2,"minecraft:sandstone_slab":2,"minecraft:clay_ball":12,"minecraft:leather_leggings":4,"lycanitesmobs:equipmentpart_xaphanspine":1,"minecraft:iron_shovel":1,"byg:palm_sapling":9,"minecraft:cracked_stone_bricks":11,"iceandfire:bestiary":3,"minecraft:spruce_slab":1,"minecraft:chest":4,"minecraft:birch_sapling":1,"lycanitesmobs:raw_maka_meat":19,"minecraft:sandstone":2,"minecraft:stone":1088,"minecraft:spruce_fence":2,"minecraft:carrot":303,"minecraft:redstone":99,"minecraft:netherite_pickaxe":1,"minecraft:prismarine_crystals":10,"minecraft:tnt":2,"lycanitesmobs:aquapulsecharge":5,"lycanitesmobs:raw_jouste_meat":11,"minecraft:beetroot_seeds":41,"minecraft:diamond_boots":6,"minecraft:hay_block":131,"mowziesmobs:barakoa_mask_fear":1,"lycanitesmobs:equipmentpart_eyewigeye":1,"minecraft:gold_ingot":7,"byg:palm_log":40,"alexsmobs:kangaroo_meat":3,"minecraft:white_wool":3,"minecraft:red_mushroom":7,"minecraft:acacia_wood":1,"ars_nouveau:wilden_wing":3,"minecraft:oak_log":35,"minecraft:golden_boots":5,"iceandfire:pixie_jar_empty":1,"minecraft:stone_bricks":19,"minecraft:iron_ore":120,"tombstone:bag_of_seeds":1,"minecraft:glass_bottle":3,"minecraft:gray_bed":2,"minecraft:dark_oak_stairs":2,"betteranimalsplus:bear_skin_brown":2,"lycanitesmobs:equipmentpart_grueclaw":1,"minecraft:gravel":31,"minecraft:spruce_sapling":89,"minecraft:spruce_log":1243,"minecraft:leather_helmet":4,"minecraft:slime_ball":12,"minecraft:diamond_axe":2,"minecraft:melon_seeds":12,"minecraft:stripped_dark_oak_log":14,"minecraft:ender_pearl":39,"betteranimalsplus:calamari_raw":2,"lycanitesmobs:raw_chupacabra_meat":16,"minecraft:wheat":2,"minecraft:potion":3,"minecraft:stone_brick_stairs":7,"minecraft:iron_leggings":1,"minecraft:armor_stand":1,"lycanitesmobs:raw_bobeko_meat":7,"minecraft:rose_bush":1,"minecraft:cobblestone_slab":32,"minecraft:ender_eye":1,"minecraft:smooth_quartz":3,"minecraft:iron_pickaxe":1,"minecraft:iron_boots":3,"minecraft:tipped_arrow":1,"minecraft:stick":74,"minecraft:torch":69,"minecraft:porkchop":11,"tombstone:grave_dust":14,"minecraft:diorite":55,"lycanitesmobs:equipmentpart_bruchaquill":1,"minecraft:quartz_block":6,"minecraft:cactus":5,"minecraft:rotten_flesh":82,"minecraft:obsidian":9,"minecraft:cod":29,"lycanitesmobs:lifedraincharge":2,"minecraft:cobblestone":833,"minecraft:leather_chestplate":3,"minecraft:magma_cream":4,"minecraft:andesite":18,"minecraft:potato":303,"lycanitesmobs:icefireballcharge":4,"minecraft:wither_skeleton_skull":3,"minecraft:lapis_lazuli":8,"minecraft:dirt":20,"minecraft:polished_granite":1,"minecraft:bone":171,"minecraft:bow":3,"minecraft:wheat_seeds":42,"lycanitesmobs:poisongland":14,"minecraft:mossy_stone_bricks":4,"minecraft:fletching_table":6,"minecraft:oak_planks":1,"minecraft:mossy_stone_brick_stairs":3,"minecraft:diorite_wall":1,"lycanitesmobs:spectralboltcharge":11,"iceandfire:podium_spruce":4,"lycanitesmobs:equipmentpart_entarm":2,"minecraft:poisonous_potato":2,"minecraft:sand":45,"minecraft:diamond_block":2,"minecraft:mossy_cobblestone":5,"travelersbackpack:white_sleeping_bag":22,"minecraft:diamond":9,"minecraft:spruce_boat":4,"minecraft:crossbow":1,"minecraft:bone_meal":1,"minecraft:oak_sapling":1,"minecraft:chorus_fruit":3,"minecraft:brown_mushroom":4,"minecraft:wooden_pickaxe":1,"byg:peat":3,"minecraft:shield":5,"minecraft:item_frame":3,"minecraft:birch_fence":5,"lycanitesmobs:tricksterflarecharge":3,"apotheosis:armor_feet_book":2,"minecraft:observer":2,"minecraft:lectern":1,"minecraft:sugar_cane":5,"minecraft:spruce_trapdoor":1,"minecraft:phantom_membrane":7,"lycanitesmobs:frostyfur":2,"apotheosis:common_tome":1,"minecraft:light_blue_bed":2,"minecraft:stone_pressure_plate":3,"lycanitesmobs:poisonraycharge":3,"minecraft:arrow":55,"minecraft:brick_stairs":1,"byg:rocky_stone":4,"minecraft:salmon":13,"minecraft:leather":51,"minecraft:birch_planks":4,"minecraft:chainmail_chestplate":2,"animalium:piranha_steak":1,"lycanitesmobs:raw_krake_meat":4,"artifacts:cloud_in_a_bottle":1,"byg:meadow_dirt":6,"lycanitesmobs:crystalshardcharge":5,"minecraft:iron_ingot":10,"minecraft:soul_sand":10,"minecraft:book":267,"minecraft:quartz":58,"minecraft:blast_furnace":1,"minecraft:gold_ore":4,"byg:palm_planks":61,"minecraft:spider_eye":13,"minecraft:cut_red_sandstone":2,"betteranimalsplus:eel_meat_raw":3,"minecraft:pumpkin_seeds":24,"minecraft:chainmail_leggings":4,"minecraft:mossy_cobblestone_stairs":2,"tombstone:magic_scroll":1,"minecraft:coal":87},"minecraft:used":{"iceandfire:lectern":1,"minecraft:dispenser":10,"minecraft:black_carpet":1,"minecraft:chest":14,"minecraft:stone":472,"minecraft:spruce_boat":4,"minecraft:villager_spawn_egg":3,"minecraft:stone_brick_stairs":2,"minecraft:bow":145,"minecraft:furnace":8,"minecraft:potato":101,"minecraft:wooden_pickaxe":4,"minecraft:cookie":6,"minecraft:golden_apple":10,"minecraft:sand":11,"animalium:piranha_steak":1,"minecraft:birch_fence":1,"minecraft:diamond_sword":776,"minecraft:smithing_table":2,"minecraft:iron_bars":5,"minecraft:stone_sword":138,"minecraft:torch":375,"iceandfire:copper_sword":2,"minecraft:iron_axe":1568,"tombstone:gift":8,"minecraft:observer":13,"minecraft:water_bucket":107,"minecraft:fletching_table":7,"minecraft:mossy_cobblestone":1,"minecraft:comparator":1,"minecraft:tnt":1,"minecraft:crafting_table":5,"minecraft:cod":3,"minecraft:spruce_log":8,"byg:meadow_dirt":1,"minecraft:iron_pickaxe":3144,"travelersbackpack:white_sleeping_bag":24,"minecraft:spruce_trapdoor":5,"minecraft:spruce_sapling":32,"minecraft:cobblestone":281,"minecraft:potion":1,"byg:palm_planks":61,"minecraft:shield":32,"minecraft:iron_sword":719,"minecraft:carrot":114,"travelersbackpack:iron":16,"minecraft:obsidian":1,"byg:palm_boat":3,"minecraft:glass":12,"minecraft:light_blue_bed":2,"lycanitesmobs:raw_maka_meat":1,"minecraft:stone_bricks":3,"minecraft:item_frame":1,"carryon:tile_item":53,"minecraft:repeater":20,"minecraft:hay_block":4,"minecraft:gray_bed":2,"minecraft:beetroot_seeds":1,"minecraft:dropper":1,"minecraft:wither_skeleton_skull":3,"minecraft:stone_pickaxe":138,"minecraft:oak_planks":25,"minecraft:ender_pearl":13,"minecraft:diamond_axe":10,"minecraft:white_wool":2,"minecraft:lever":1,"minecraft:dark_oak_log":1,"minecraft:bread":325,"minecraft:string":1,"tombstone:grave_key":31,"minecraft:gravel":27,"minecraft:bone_meal":28,"byg:palm_sapling":5,"minecraft:stone_shovel":102,"minecraft:redstone":4,"minecraft:spruce_planks":285,"minecraft:stone_hoe":28,"minecraft:dirt":5,"minecraft:white_carpet":3,"minecraft:hopper":25,"minecraft:iron_hoe":75,"minecraft:dark_oak_planks":1,"minecraft:wooden_axe":6,"minecraft:netherite_pickaxe":86,"minecraft:cooked_beef":13,"minecraft:cooked_mutton":4,"minecraft:iron_ore":16,"minecraft:baked_potato":39,"minecraft:green_bed":1,"minecraft:cobblestone_slab":806,"tombstone:bag_of_seeds":2,"lycanitesmobs:cooked_maka_meat":2,"minecraft:stone_slab":282,"minecraft:stone_axe":227,"minecraft:bucket":108},"minecraft:killed_by":{"minecraft:zombie_villager":6,"minecraft:piglin_brute":1,"lycanitesmobs:feradon":2,"lycanitesmobs:raiko":1,"lycanitesmobs:warg":3,"lycanitesmobs:ent":1,"lycanitesmobs:gnekk":4,"lycanitesmobs:necrovore":1,"lycanitesmobs:morock":5,"minecraft:zombie":6,"alexsmobs:grizzly_bear":1,"lycanitesmobs:darkling":2,"animalium:wild_dog":1,"lycanitesmobs:spectre":2,"minecraft:husk":2,"lycanitesmobs:shambler":1,"lycanitesmobs:ostimien":2,"lycanitesmobs:roa":1,"lycanitesmobs:chupacabra":5,"lycanitesmobs:roc":2,"lycanitesmobs:banshee":3,"alexsmobs:tarantula_hawk":1,"lycanitesmobs:krake":2,"minecraft:creeper":2,"lycanitesmobs:volcan":4,"iceandfire:ice_dragon":1,"minecraft:witch":1,"lycanitesmobs:argus":1,"lycanitesmobs:ventoraptor":5,"lycanitesmobs:jouste":2,"lycanitesmobs:aglebemu":1,"lycanitesmobs:geonach":11,"minecraft:skeleton":5,"lycanitesmobs:wisp":1,"lycanitesmobs:grue":9,"lycanitesmobs:vapula":2,"lycanitesmobs:geken":1,"lycanitesmobs:wraamon":1},"minecraft:dropped":{"byg:peat":3,"minecraft:acacia_wood":1,"minecraft:porkchop":7,"minecraft:lapis_lazuli":3,"minecraft:chorus_fruit":3,"minecraft:glass_bottle":4,"alexsmobs:kangaroo_meat":3,"minecraft:crossbow":1,"lycanitesmobs:poisongland":9,"artifacts:cloud_in_a_bottle":1,"minecraft:mossy_stone_brick_stairs":1,"iceandfire:ectoplasm":1,"minecraft:cracked_stone_bricks":8,"minecraft:leather_helmet":4,"minecraft:red_mushroom":8,"minecraft:item_frame":2,"minecraft:dirt":16,"minecraft:birch_fence":4,"minecraft:dark_oak_fence":2,"minecraft:writable_book":2,"minecraft:bone_meal":1,"minecraft:phantom_membrane":3,"minecraft:sand":2,"minecraft:iron_pickaxe":3,"ars_nouveau:wilden_horn":2,"minecraft:bone":72,"minecraft:stone_axe":1,"minecraft:golden_chestplate":1,"minecraft:birch_sapling":1,"minecraft:wheat":2,"minecraft:obsidian":4,"minecraft:rotten_flesh":59,"minecraft:glowstone_dust":5,"minecraft:light_gray_carpet":9,"betterendforge:blue_vine_seed":2,"minecraft:salmon":2,"minecraft:brick_stairs":1,"byg:rocky_stone":5,"minecraft:diorite_wall":1,"minecraft:quartz_block":5,"minecraft:leather_leggings":4,"lycanitesmobs:equipmentpart_geonachspear":1,"croptopia:blackbean_seed":1,"minecraft:spruce_slab":1,"minecraft:stone_brick_stairs":3,"iceandfire:manuscript":51,"minecraft:golden_boots":4,"minecraft:netherite_pickaxe":1,"minecraft:wheat_seeds":31,"lycanitesmobs:spectralboltcharge":5,"minecraft:creeper_spawn_egg":3,"minecraft:iron_helmet":2,"minecraft:feather":51,"minecraft:cobblestone":18,"minecraft:prismarine_crystals":10,"minecraft:granite":14,"minecraft:chainmail_helmet":2,"minecraft:coal":16,"lycanitesmobs:raw_chupacabra_meat":9,"minecraft:polished_andesite":2,"byg:cattail":1,"lycanitesmobs:cooked_maka_meat":1,"minecraft:wooden_axe":1,"minecraft:rose_bush":1,"minecraft:rabbit":1,"minecraft:potion":2,"minecraft:oak_stairs":9,"iceandfire:stymphalian_arrow":1,"minecraft:mossy_cobblestone_stairs":2,"minecraft:chainmail_leggings":3,"minecraft:iron_shovel":1,"minecraft:string":35,"minecraft:spruce_sapling":2,"minecraft:bricks":5,"minecraft:stone_sword":2,"minecraft:clay_ball":12,"minecraft:iron_boots":4,"lycanitesmobs:icefireballcharge":4,"minecraft:stone_slab":118,"minecraft:spruce_fence":2,"minecraft:pumpkin_seeds":16,"minecraft:potato":171,"minecraft:cobblestone_slab":66,"minecraft:stone":352,"croptopia:currant_seed":2,"minecraft:spruce_planks":6,"minecraft:diamond_pickaxe":1,"iceandfire:silver_ingot":1,"minecraft:stone_pressure_plate":3,"minecraft:spider_eye":9,"minecraft:stone_bricks":12,"minecraft:brown_carpet":1,"minecraft:sandstone":2,"minecraft:bow":4,"lycanitesmobs:scorchfireballcharge":4,"minecraft:birch_planks":4,"minecraft:soul_sand":12,"byg:palm_sapling":1,"minecraft:brown_mushroom":5,"minecraft:dark_oak_stairs":2,"minecraft:diamond_axe":2,"minecraft:oak_log":10,"minecraft:sandstone_slab":2,"minecraft:lantern":3,"minecraft:leather":5,"minecraft:cod":17,"minecraft:flint":2,"iceandfire:copper_ingot":1,"iceandfire:pixie_jar_empty":1,"betteranimalsplus:eel_meat_raw":3,"minecraft:armor_stand":1,"minecraft:gravel":1,"minecraft:beetroot":1,"travelersbackpack:bat":1,"minecraft:carrot":213,"minecraft:chainmail_chestplate":3,"minecraft:sandstone_wall":3,"minecraft:leather_chestplate":3,"minecraft:beetroot_seeds":40,"minecraft:melon_seeds":10,"lycanitesmobs:quillcharge":2,"minecraft:chainmail_boots":2,"apotheosis:null_book":2,"apotheosis:armor_feet_book":2,"minecraft:iron_bars":7,"byg:mossy_stone":1,"minecraft:quartz":5,"minecraft:polished_granite":1,"minecraft:purple_carpet":2,"minecraft:bread":15,"minecraft:stripped_spruce_log":2,"minecraft:mossy_cobblestone":5,"minecraft:poisonous_potato":2,"minecraft:prismarine_shard":21,"minecraft:acacia_log":5,"minecraft:stick":30,"iceandfire:podium_spruce":4,"minecraft:diorite":78,"minecraft:torch":3,"tombstone:grave_key":1,"minecraft:iron_door":1,"tombstone:grave_dust":6,"minecraft:iron_leggings":2,"minecraft:iron_axe":1,"minecraft:bucket":15,"ars_nouveau:wilden_wing":2,"minecraft:villager_spawn_egg":1,"betteranimalsplus:calamari_raw":2,"minecraft:shield":6,"iceandfire:copper_sword":1,"iceandfire:rotten_egg":1,"minecraft:iron_chestplate":4,"minecraft:andesite":19,"minecraft:mossy_stone_bricks":6,"minecraft:oak_sapling":1,"croptopia:roe":9,"minecraft:slime_ball":1,"minecraft:diamond_boots":3,"minecraft:spruce_log":2,"minecraft:wooden_pickaxe":2},"minecraft:custom":{"minecraft:interact_with_crafting_table":102,"minecraft:open_barrel":97,"minecraft:eat_cake_slice":1,"minecraft:leave_game":37,"minecraft:time_since_death":9251,"minecraft:damage_blocked_by_shield":780,"minecraft:deaths":103,"minecraft:jump":13289,"minecraft:interact_with_furnace":91,"minecraft:traded_with_villager":257,"minecraft:sleep_in_bed":57,"minecraft:waystone_activated":3,"minecraft:damage_dealt":100022,"tombstone:undead_killed":184,"minecraft:inspect_dispenser":3,"minecraft:interact_with_smithing_table":5,"minecraft:sneak_time":53289,"tombstone:raider_killed":23,"minecraft:time_since_rest":8888,"minecraft:swim_one_cm":88180,"minecraft:fly_one_cm":3209156,"minecraft:open_chest":655,"minecraft:fall_one_cm":433966,"minecraft:sprint_one_cm":1825048,"minecraft:drop":421,"minecraft:talked_to_villager":92,"minecraft:interact_with_brewingstand":1,"minecraft:walk_on_water_one_cm":103143,"minecraft:play_one_minute":759789,"minecraft:player_kills":2,"minecraft:crouch_one_cm":217156,"tombstone:villager_killed":1,"minecraft:mob_kills":532,"minecraft:climb_one_cm":50255,"minecraft:walk_one_cm":2047243,"minecraft:walk_under_water_one_cm":71760,"minecraft:boat_one_cm":92861,"minecraft:interact_with_grindstone":1,"minecraft:damage_taken":54414,"minecraft:damage_absorbed":572,"minecraft:trigger_trapped_chest":8},"minecraft:killed":{"minecraft:cave_spider":15,"animalium:wild_dog":8,"lycanitesmobs:roa":1,"lycanitesmobs:roc":20,"lycanitesmobs:eyewig":1,"minecraft:cod":9,"lycanitesmobs:gnekk":6,"lycanitesmobs:morock":1,"minecraft:skeleton":57,"lycanitesmobs:makaalpha":2,"animalium:piranha":4,"lycanitesmobs:vapula":1,"lycanitesmobs:maka":8,"lycanitesmobs:erepede":2,"lycanitesmobs:geken":1,"lycanitesmobs:jouste":8,"lycanitesmobs:frostweaver":1,"minecraft:salmon":1,"lycanitesmobs:aspid":2,"lycanitesmobs:arisaur":5,"minecraft:pillager":18,"minecraft:zombie":93,"lycanitesmobs:raiko":8,"lycanitesmobs:warg":3,"lycanitesmobs:ostimien":5,"lycanitesmobs:skylus":1,"lycanitesmobs:herma":8,"lycanitesmobs:darkling":3,"lycanitesmobs:shambler":1,"lycanitesmobs:ent":21,"lycanitesmobs:joustealpha":2,"lycanitesmobs:quetzodracl":1,"minecraft:husk":3,"lycanitesmobs:grue":7,"lycanitesmobs:barghest":2,"ars_nouveau:wilden_guardian":1,"iceandfire:ghost":2,"iceandfire:ice_dragon":1,"lycanitesmobs:jabberwock":1,"minecraft:enderman":1,"mowziesmobs:barakoan_barakoana":5,"lycanitesmobs:krake":10,"lycanitesmobs:arix":1,"minecraft:witch":5,"minecraft:spider":24,"lycanitesmobs:spriggan":1,"lycanitesmobs:volcan":1,"lycanitesmobs:bobeko":2,"alexsmobs:kangaroo":4,"lycanitesmobs:ioray":1,"minecraft:pig":7,"minecraft:zombie_villager":4,"lycanitesmobs:geist":3,"lycanitesmobs:wraamon":9,"minecraft:creeper":4,"betteranimalsplus:jellyfish":2,"minecraft:stray":11,"lycanitesmobs:geonach":9,"lycanitesmobs:feradon":3,"lycanitesmobs:banshee":12,"lycanitesmobs:reaper":7,"alexsmobs:tarantula_hawk":1,"lycanitesmobs:aglebemu":1,"lycanitesmobs:maug":1,"ars_nouveau:summon_wolf":6,"lycanitesmobs:xaphan":1,"lycanitesmobs:ventoraptor":9,"betteranimalsplus:eel_freshwater":1,"lycanitesmobs:calpod":3,"lycanitesmobs:salamander":1,"lycanitesmobs:chupacabra":13,"lycanitesmobs:jengu":2,"ars_nouveau:wilden_stalker":6,"mowziesmobs:barakoana":1,"alexsmobs:gazelle":1,"ars_nouveau:wilden_hunter":3,"minecraft:wither_skeleton":1,"lycanitesmobs:afrit":3,"minecraft:villager":1},"minecraft:mined":{"minecraft:chiseled_red_sandstone":1,"minecraft:granite":23,"minecraft:acacia_log":7,"minecraft:coal_block":22,"travelersbackpack:iron":13,"minecraft:spawner":56,"minecraft:mossy_cobblestone_stairs":6,"minecraft:fletching_table":6,"minecraft:nether_brick_stairs":3,"minecraft:oak_stairs":9,"minecraft:smooth_sandstone_stairs":1,"minecraft:iron_block":1,"minecraft:tripwire":1,"minecraft:sandstone_slab":1,"minecraft:cut_sandstone":3,"minecraft:torch":47,"minecraft:blast_furnace":1,"minecraft:dead_bush":2,"minecraft:sugar_cane":3,"minecraft:bricks":5,"byg:soapstone":1,"minecraft:lilac":1,"minecraft:stone_brick_stairs":7,"minecraft:grass":168,"byg:meadow_grass_block":5,"minecraft:infested_mossy_stone_bricks":1,"byg:blueberry_bush":3,"minecraft:sandstone_wall":5,"minecraft:cut_red_sandstone":2,"iceandfire:silver_ore":4,"minecraft:mossy_cobblestone":9,"byg:palm_sapling":2,"minecraft:dark_oak_log":2,"minecraft:nether_bricks":4,"minecraft:dark_oak_fence":4,"minecraft:spruce_fence":2,"minecraft:redstone_wire":1,"minecraft:redstone_ore":23,"minecraft:acacia_wood":1,"lycanitesmobs:frostfire":1,"minecraft:andesite":31,"minecraft:diamond_block":2,"minecraft:mossy_stone_brick_stairs":5,"minecraft:potatoes":76,"minecraft:cobblestone_slab":60,"minecraft:vine":6,"byg:rocky_stone":4,"iceandfire:podium_spruce":2,"minecraft:white_wool":3,"minecraft:smithing_table":1,"minecraft:light_gray_carpet":9,"byg:palm_planks":61,"minecraft:brown_carpet":5,"minecraft:observer":3,"minecraft:smooth_sandstone":3,"minecraft:tall_grass":11,"minecraft:diorite":58,"minecraft:light_blue_bed":2,"byg:meadow_dirt":1,"minecraft:spruce_log":1126,"byg:pine_log":2,"minecraft:gravel":40,"byg:peat":3,"minecraft:stone_bricks":26,"lycanitesmobs:scorchfire":8,"minecraft:chipped_anvil":1,"minecraft:gold_ore":10,"minecraft:iron_trapdoor":6,"minecraft:fern":1,"minecraft:stone_pressure_plate":2,"minecraft:spruce_planks":147,"minecraft:brewing_stand":1,"byg:cattail":1,"minecraft:spruce_trapdoor":1,"minecraft:grass_block":5,"iceandfire:lectern":2,"byg:iris":2,"minecraft:iron_ore":103,"minecraft:iron_bars":28,"minecraft:purple_carpet":2,"minecraft:spruce_slab":1,"minecraft:green_bed":1,"minecraft:quartz_block":17,"ars_nouveau:mana_berry_bush":1,"iceandfire:dragon_ice_spikes":2,"minecraft:poppy":1,"byg:yellow_birch_leaves":1,"minecraft:chest":6,"minecraft:wither_skeleton_wall_skull":1,"minecraft:cobblestone":121,"minecraft:oak_planks":10,"minecraft:iron_door":1,"minecraft:wall_torch":3,"minecraft:seagrass":1,"byg:palm_log":40,"minecraft:birch_log":19,"minecraft:tnt":2,"minecraft:oak_log":8,"minecraft:beetroots":6,"minecraft:diorite_wall":2,"minecraft:sand":45,"minecraft:dirt":12,"minecraft:wither_skeleton_skull":1,"minecraft:oak_leaves":17,"minecraft:diamond_ore":8,"lycanitesmobs:icefire":7,"byg:water_silk":3,"minecraft:brick_stairs":1,"travelersbackpack:white_sleeping_bag":22,"minecraft:spruce_leaves":970,"minecraft:sandstone":8,"minecraft:hay_block":135,"minecraft:carrots":77,"iceandfire:copper_ore":7,"minecraft:stripped_spruce_log":1,"minecraft:bookshelf":99,"minecraft:packed_ice":695,"minecraft:stone":1601,"iceandfire:pixie_jar_empty":1,"lycanitesmobs:shadowfire":8,"minecraft:stripped_dark_oak_log":14,"byg:wilted_grass":5,"minecraft:polished_granite":2,"minecraft:crafting_table":2,"minecraft:lectern":1,"minecraft:stone_slab":66,"minecraft:spruce_stairs":1,"minecraft:cactus":1,"minecraft:gray_bed":2,"byg:short_grass":12,"minecraft:grass_path":1,"minecraft:coal_ore":87,"byg:palm_leaves":45,"minecraft:cracked_stone_bricks":11,"minecraft:polished_andesite":2,"ars_nouveau:arcane_ore":7,"minecraft:mossy_stone_bricks":9,"minecraft:birch_fence":3},"minecraft:crafted":{"minecraft:lever":1,"minecraft:glass":36,"minecraft:repeater":20,"byg:palm_boat":2,"minecraft:emerald":243,"travelersbackpack:standard":1,"minecraft:smithing_table":1,"minecraft:fletching_table":3,"minecraft:stone_slab":378,"minecraft:iron_pickaxe":6,"minecraft:stone_shovel":1,"minecraft:bone_meal":30,"travelersbackpack:blank_upgrade":4,"minecraft:white_carpet":3,"travelersbackpack:gold_tier_upgrade":1,"travelersbackpack:white_sleeping_bag":2,"minecraft:stone_pickaxe":1,"minecraft:spruce_boat":1,"minecraft:dark_oak_planks":56,"minecraft:wheat":873,"lycanitesmobs:poisonraycharge":4,"minecraft:wooden_axe":1,"minecraft:iron_leggings":3,"minecraft:oak_planks":92,"travelersbackpack:iron":3,"minecraft:cobblestone_slab":936,"byg:pine_planks":8,"minecraft:hopper":25,"minecraft:bow":11,"minecraft:iron_boots":2,"minecraft:comparator":1,"minecraft:chest":40,"minecraft:stone_hoe":1,"minecraft:dropper":1,"travelersbackpack:iron_tier_upgrade":1,"minecraft:arrow":128,"minecraft:crafting_table":3,"minecraft:spruce_planks":4724,"minecraft:iron_helmet":3,"minecraft:wooden_pickaxe":1,"minecraft:birch_planks":8,"byg:palm_planks":160,"minecraft:dispenser":10,"minecraft:spruce_trapdoor":4,"minecraft:iron_chestplate":2,"minecraft:shield":1,"minecraft:stick":9074,"minecraft:iron_ingot":170,"minecraft:stone_sword":1,"minecraft:redstone_torch":43,"lycanitesmobs:cooked_maka_meat":3,"minecraft:coal":63,"minecraft:furnace":8,"minecraft:leather":1,"minecraft:iron_axe":6,"minecraft:iron_hoe":1,"minecraft:observer":14,"travelersbackpack:backpack_tank":4,"minecraft:iron_sword":2,"minecraft:bucket":13,"minecraft:stone_axe":1,"minecraft:air":0,"minecraft:bread":290,"minecraft:black_carpet":3,"minecraft:torch":308,"minecraft:diamond_chestplate":2}},"DataVersion":2586}