{"stats":{"minecraft:crafted":{"minecraft:oak_planks":92,"minecraft:cobblestone_slab":6,"travelersbackpack:iron":3,"byg:pine_planks":8,"minecraft:glass":36,"minecraft:bow":1,"minecraft:iron_boots":2,"minecraft:chest":7,"minecraft:stone_hoe":1,"byg:palm_boat":2,"travelersbackpack:iron_tier_upgrade":1,"minecraft:arrow":128,"minecraft:emerald":243,"minecraft:crafting_table":2,"minecraft:spruce_planks":4464,"minecraft:iron_helmet":3,"travelersbackpack:standard":1,"minecraft:wooden_pickaxe":1,"minecraft:smithing_table":1,"minecraft:fletching_table":3,"minecraft:birch_planks":8,"byg:palm_planks":160,"minecraft:spruce_trapdoor":4,"minecraft:iron_chestplate":2,"minecraft:shield":1,"minecraft:stick":8966,"minecraft:iron_ingot":170,"minecraft:iron_pickaxe":1,"minecraft:stone_sword":1,"lycanitesmobs:cooked_maka_meat":3,"minecraft:stone_shovel":1,"minecraft:furnace":8,"minecraft:bone_meal":30,"minecraft:white_carpet":3,"travelersbackpack:blank_upgrade":4,"travelersbackpack:gold_tier_upgrade":1,"travelersbackpack:white_sleeping_bag":2,"minecraft:leather":1,"minecraft:iron_axe":6,"minecraft:iron_hoe":1,"minecraft:stone_pickaxe":1,"minecraft:spruce_boat":1,"minecraft:dark_oak_planks":56,"minecraft:wheat":495,"travelersbackpack:backpack_tank":4,"minecraft:iron_sword":2,"minecraft:bucket":1,"minecraft:stone_axe":1,"minecraft:bread":165,"minecraft:air":0,"lycanitesmobs:poisonraycharge":4,"minecraft:wooden_axe":1,"minecraft:black_carpet":3,"minecraft:iron_leggings":3,"minecraft:torch":132,"minecraft:diamond_chestplate":2},"minecraft:dropped":{"byg:peat":3,"minecraft:birch_planks":4,"minecraft:porkchop":7,"minecraft:acacia_wood":1,"byg:palm_sapling":1,"minecraft:soul_sand":12,"minecraft:brown_mushroom":5,"minecraft:dark_oak_stairs":2,"minecraft:diamond_axe":1,"minecraft:oak_log":10,"minecraft:chorus_fruit":3,"minecraft:glass_bottle":4,"minecraft:crossbow":1,"minecraft:sandstone_slab":2,"lycanitesmobs:poisongland":9,"minecraft:lantern":3,"artifacts:cloud_in_a_bottle":1,"minecraft:leather":2,"iceandfire:ectoplasm":1,"minecraft:cracked_stone_bricks":4,"minecraft:leather_helmet":4,"minecraft:red_mushroom":8,"minecraft:item_frame":2,"iceandfire:copper_ingot":1,"minecraft:dirt":16,"minecraft:birch_fence":4,"iceandfire:pixie_jar_empty":1,"minecraft:dark_oak_fence":2,"minecraft:writable_book":2,"minecraft:iron_pickaxe":3,"betteranimalsplus:eel_meat_raw":3,"minecraft:armor_stand":1,"minecraft:bone":51,"minecraft:gravel":1,"minecraft:stone_axe":1,"minecraft:golden_chestplate":1,"minecraft:birch_sapling":1,"minecraft:obsidian":2,"minecraft:beetroot":1,"minecraft:rotten_flesh":40,"minecraft:glowstone_dust":5,"minecraft:light_gray_carpet":9,"travelersbackpack:bat":1,"betterendforge:blue_vine_seed":2,"minecraft:carrot":213,"minecraft:chainmail_chestplate":3,"minecraft:sandstone_wall":3,"minecraft:leather_chestplate":3,"minecraft:brick_stairs":1,"byg:rocky_stone":5,"minecraft:diorite_wall":1,"minecraft:melon_seeds":10,"minecraft:beetroot_seeds":40,"minecraft:chainmail_boots":2,"minecraft:leather_leggings":4,"apotheosis:null_book":2,"croptopia:blackbean_seed":1,"lycanitesmobs:equipmentpart_geonachspear":1,"minecraft:spruce_slab":1,"apotheosis:armor_feet_book":2,"minecraft:iron_bars":1,"byg:mossy_stone":1,"minecraft:stone_brick_stairs":2,"minecraft:quartz":5,"iceandfire:manuscript":51,"minecraft:purple_carpet":2,"minecraft:bread":15,"minecraft:stripped_spruce_log":2,"minecraft:netherite_pickaxe":1,"minecraft:wheat_seeds":28,"minecraft:mossy_cobblestone":1,"minecraft:poisonous_potato":2,"minecraft:prismarine_shard":17,"minecraft:iron_helmet":2,"minecraft:feather":27,"minecraft:cobblestone":13,"minecraft:prismarine_crystals":10,"minecraft:granite":6,"minecraft:acacia_log":5,"minecraft:chainmail_helmet":2,"minecraft:coal":16,"minecraft:stick":30,"minecraft:polished_andesite":2,"byg:cattail":1,"lycanitesmobs:cooked_maka_meat":1,"iceandfire:podium_spruce":4,"minecraft:diorite":20,"minecraft:torch":2,"tombstone:grave_key":1,"minecraft:wooden_axe":1,"minecraft:rose_bush":1,"tombstone:grave_dust":2,"minecraft:potion":2,"minecraft:iron_leggings":2,"iceandfire:stymphalian_arrow":1,"minecraft:iron_axe":1,"minecraft:iron_shovel":1,"minecraft:chainmail_leggings":3,"minecraft:string":21,"minecraft:bucket":2,"minecraft:spruce_sapling":2,"minecraft:bricks":1,"minecraft:stone_sword":1,"minecraft:clay_ball":8,"minecraft:iron_boots":4,"minecraft:villager_spawn_egg":1,"minecraft:spruce_fence":2,"minecraft:pumpkin_seeds":16,"minecraft:potato":171,"minecraft:cobblestone_slab":2,"minecraft:stone":22,"betteranimalsplus:calamari_raw":2,"minecraft:shield":5,"croptopia:currant_seed":2,"iceandfire:copper_sword":1,"iceandfire:rotten_egg":1,"minecraft:spruce_planks":6,"minecraft:iron_chestplate":4,"minecraft:diamond_pickaxe":1,"minecraft:mossy_stone_bricks":2,"iceandfire:silver_ingot":1,"minecraft:oak_sapling":1,"minecraft:spider_eye":2,"minecraft:stone_pressure_plate":1,"minecraft:stone_bricks":6,"minecraft:brown_carpet":1,"minecraft:spruce_log":2,"minecraft:diamond_boots":3,"minecraft:slime_ball":1,"minecraft:sandstone":2,"minecraft:bow":4,"minecraft:wooden_pickaxe":2},"minecraft:killed":{"lycanitesmobs:krake":9,"animalium:wild_dog":3,"minecraft:witch":5,"lycanitesmobs:roa":1,"lycanitesmobs:roc":11,"minecraft:spider":8,"lycanitesmobs:spriggan":1,"lycanitesmobs:eyewig":1,"lycanitesmobs:gnekk":6,"lycanitesmobs:morock":1,"lycanitesmobs:volcan":1,"lycanitesmobs:makaalpha":1,"minecraft:skeleton":54,"lycanitesmobs:bobeko":2,"animalium:piranha":1,"lycanitesmobs:vapula":1,"lycanitesmobs:maka":8,"lycanitesmobs:erepede":2,"lycanitesmobs:geken":1,"minecraft:pig":7,"minecraft:zombie_villager":4,"lycanitesmobs:jouste":8,"lycanitesmobs:geist":3,"lycanitesmobs:frostweaver":1,"lycanitesmobs:aspid":2,"lycanitesmobs:wraamon":6,"lycanitesmobs:arisaur":3,"minecraft:creeper":2,"minecraft:pillager":18,"minecraft:zombie":69,"minecraft:stray":8,"lycanitesmobs:geonach":9,"lycanitesmobs:raiko":4,"lycanitesmobs:warg":3,"lycanitesmobs:feradon":2,"lycanitesmobs:banshee":12,"lycanitesmobs:reaper":3,"lycanitesmobs:ostimien":5,"lycanitesmobs:skylus":1,"alexsmobs:tarantula_hawk":1,"lycanitesmobs:herma":4,"lycanitesmobs:aglebemu":1,"lycanitesmobs:darkling":2,"lycanitesmobs:shambler":1,"lycanitesmobs:ent":21,"ars_nouveau:summon_wolf":4,"lycanitesmobs:joustealpha":2,"lycanitesmobs:xaphan":1,"lycanitesmobs:quetzodracl":1,"minecraft:husk":3,"lycanitesmobs:grue":6,"lycanitesmobs:ventoraptor":4,"ars_nouveau:wilden_guardian":1,"lycanitesmobs:calpod":3,"betteranimalsplus:eel_freshwater":1,"lycanitesmobs:salamander":1,"lycanitesmobs:chupacabra":8,"lycanitesmobs:jengu":2,"ars_nouveau:wilden_stalker":1,"iceandfire:ghost":2,"iceandfire:ice_dragon":1,"ars_nouveau:wilden_hunter":2,"minecraft:wither_skeleton":1,"lycanitesmobs:jabberwock":1,"lycanitesmobs:afrit":2,"minecraft:villager":1},"minecraft:used":{"minecraft:black_carpet":1,"minecraft:chest":9,"minecraft:shield":32,"minecraft:stone":17,"minecraft:iron_sword":719,"minecraft:carrot":114,"travelersbackpack:iron":12,"byg:palm_boat":3,"minecraft:glass":12,"minecraft:spruce_boat":4,"minecraft:villager_spawn_egg":3,"minecraft:light_blue_bed":2,"lycanitesmobs:raw_maka_meat":1,"minecraft:stone_brick_stairs":1,"minecraft:stone_bricks":3,"minecraft:item_frame":1,"carryon:tile_item":20,"minecraft:bow":145,"minecraft:hay_block":4,"minecraft:beetroot_seeds":1,"minecraft:furnace":8,"minecraft:gray_bed":2,"minecraft:potato":101,"minecraft:stone_pickaxe":138,"minecraft:oak_planks":25,"minecraft:ender_pearl":9,"minecraft:diamond_axe":10,"minecraft:wooden_pickaxe":4,"minecraft:cookie":6,"minecraft:golden_apple":8,"minecraft:white_wool":2,"minecraft:sand":9,"minecraft:birch_fence":1,"minecraft:dark_oak_log":1,"minecraft:bread":287,"tombstone:grave_key":28,"minecraft:gravel":27,"minecraft:diamond_sword":398,"minecraft:smithing_table":2,"minecraft:bone_meal":28,"byg:palm_sapling":5,"minecraft:stone_sword":138,"minecraft:stone_shovel":102,"minecraft:spruce_planks":198,"minecraft:stone_hoe":28,"minecraft:torch":220,"minecraft:dirt":5,"minecraft:white_carpet":3,"iceandfire:copper_sword":2,"minecraft:iron_hoe":75,"minecraft:dark_oak_planks":1,"minecraft:wooden_axe":6,"minecraft:iron_axe":1422,"minecraft:netherite_pickaxe":40,"tombstone:gift":8,"minecraft:cooked_beef":13,"minecraft:cooked_mutton":4,"minecraft:water_bucket":47,"minecraft:iron_ore":16,"minecraft:baked_potato":1,"minecraft:fletching_table":7,"minecraft:green_bed":1,"minecraft:cobblestone_slab":8,"minecraft:mossy_cobblestone":1,"minecraft:tnt":1,"minecraft:crafting_table":4,"minecraft:spruce_log":8,"byg:meadow_dirt":1,"tombstone:bag_of_seeds":2,"lycanitesmobs:cooked_maka_meat":2,"minecraft:iron_pickaxe":555,"travelersbackpack:white_sleeping_bag":23,"minecraft:spruce_trapdoor":5,"minecraft:spruce_sapling":32,"minecraft:stone_axe":227,"minecraft:potion":1,"minecraft:cobblestone":128,"minecraft:bucket":52,"byg:palm_planks":61,"iceandfire:lectern":1},"minecraft:picked_up":{"minecraft:chainmail_boots":3,"lycanitesmobs:raw_chupacabra_meat":7,"betteranimalsplus:calamari_raw":2,"minecraft:iron_chestplate":2,"lycanitesmobs:quillcharge":2,"minecraft:prismarine_shard":17,"minecraft:wheat":1,"iceandfire:copper_ore":9,"minecraft:smithing_table":1,"apotheosis:rare_tome":1,"artifacts:bunny_hoppers":1,"minecraft:potion":3,"croptopia:calamari":1,"minecraft:stone_brick_stairs":4,"minecraft:brewing_stand":1,"lycanitesmobs:raw_arisaur_meat":15,"iceandfire:manuscript":2,"lycanitesmobs:equipmentpart_geonachspear":2,"minecraft:string":27,"ars_nouveau:mana_gem":11,"lycanitesmobs:raw_aspid_meat":2,"minecraft:armor_stand":1,"minecraft:beetroot":13,"byg:pine_log":2,"byg:mossy_stone":1,"lycanitesmobs:immunizer":2,"minecraft:spruce_planks":81,"lycanitesmobs:raw_bobeko_meat":7,"minecraft:rose_bush":1,"minecraft:cobblestone_slab":4,"minecraft:ender_eye":1,"minecraft:iron_pickaxe":1,"minecraft:smooth_quartz":3,"minecraft:coal_block":22,"minecraft:iron_boots":3,"minecraft:tipped_arrow":1,"minecraft:stick":74,"minecraft:acacia_log":5,"minecraft:torch":24,"minecraft:green_bed":1,"iceandfire:silver_ore":4,"minecraft:sandstone_wall":3,"minecraft:porkchop":11,"tombstone:grave_dust":10,"minecraft:diorite":11,"lycanitesmobs:geistliver":8,"byg:cattail":1,"lycanitesmobs:equipmentpart_bruchaquill":1,"minecraft:golden_chestplate":1,"minecraft:brown_carpet":1,"travelersbackpack:iron":12,"minecraft:stone_sword":1,"minecraft:cactus":5,"minecraft:rotten_flesh":61,"ars_nouveau:worn_notebook":1,"minecraft:iron_block":1,"lycanitesmobs:equipmentpart_bansheeeye":1,"minecraft:obsidian":5,"minecraft:iron_bars":11,"minecraft:cod":9,"lycanitesmobs:lifedraincharge":2,"minecraft:cobblestone":237,"minecraft:birch_log":19,"minecraft:leather_chestplate":3,"minecraft:feather":34,"minecraft:magma_cream":4,"minecraft:potato":303,"minecraft:flint":6,"minecraft:lapis_lazuli":5,"lycanitesmobs:frostwebcharge":2,"minecraft:dirt":20,"minecraft:lantern":3,"minecraft:purple_carpet":2,"minecraft:bone":114,"minecraft:chipped_anvil":1,"minecraft:bow":3,"minecraft:wheat_seeds":37,"lycanitesmobs:poisongland":14,"minecraft:mossy_stone_bricks":2,"minecraft:rabbit":2,"minecraft:fletching_table":6,"minecraft:glowstone_dust":5,"minecraft:oak_planks":1,"minecraft:mossy_stone_brick_stairs":1,"minecraft:diorite_wall":1,"lycanitesmobs:spectralboltcharge":6,"iceandfire:podium_spruce":4,"lycanitesmobs:equipmentpart_entarm":2,"minecraft:poisonous_potato":2,"apotheosis:null_book":2,"minecraft:sand":41,"minecraft:stripped_spruce_log":3,"minecraft:ink_sac":2,"animalium:wild_dog_pelt":1,"minecraft:diamond_block":2,"minecraft:dark_oak_log":1,"minecraft:mossy_cobblestone":2,"travelersbackpack:white_sleeping_bag":21,"minecraft:polished_andesite":2,"lycanitesmobs:scorchfireballcharge":2,"minecraft:diamond":5,"minecraft:spruce_boat":4,"iceandfire:lectern":2,"minecraft:writable_book":2,"minecraft:crossbow":1,"minecraft:granite":6,"byg:palm_boat":3,"minecraft:bread":10,"minecraft:chainmail_helmet":2,"minecraft:chorus_fruit":3,"minecraft:oak_sapling":1,"minecraft:light_gray_carpet":9,"minecraft:dark_oak_fence":2,"minecraft:bricks":1,"minecraft:diamond_pickaxe":2,"minecraft:crafting_table":2,"minecraft:sandstone_slab":2,"minecraft:clay_ball":8,"minecraft:leather_leggings":4,"minecraft:brown_mushroom":4,"minecraft:wooden_pickaxe":1,"lycanitesmobs:equipmentpart_xaphanspine":1,"byg:peat":3,"minecraft:shield":4,"minecraft:item_frame":3,"minecraft:iron_shovel":1,"minecraft:birch_fence":5,"byg:palm_sapling":9,"lycanitesmobs:tricksterflarecharge":3,"iceandfire:bestiary":3,"minecraft:cracked_stone_bricks":6,"apotheosis:armor_feet_book":2,"minecraft:spruce_slab":1,"minecraft:lectern":1,"minecraft:sugar_cane":5,"minecraft:chest":2,"minecraft:birch_sapling":1,"lycanitesmobs:raw_maka_meat":19,"minecraft:phantom_membrane":3,"minecraft:spruce_trapdoor":1,"minecraft:sandstone":2,"minecraft:stone":39,"lycanitesmobs:frostyfur":2,"minecraft:spruce_fence":2,"apotheosis:common_tome":1,"minecraft:carrot":303,"minecraft:netherite_pickaxe":1,"minecraft:light_blue_bed":2,"minecraft:prismarine_crystals":10,"minecraft:stone_pressure_plate":1,"lycanitesmobs:poisonraycharge":3,"minecraft:tnt":2,"lycanitesmobs:aquapulsecharge":5,"minecraft:arrow":50,"lycanitesmobs:raw_jouste_meat":11,"minecraft:beetroot_seeds":41,"minecraft:diamond_boots":6,"minecraft:hay_block":131,"minecraft:gold_ingot":7,"lycanitesmobs:equipmentpart_eyewigeye":1,"byg:palm_log":40,"minecraft:brick_stairs":1,"byg:rocky_stone":4,"minecraft:white_wool":3,"minecraft:salmon":6,"minecraft:leather":34,"minecraft:red_mushroom":7,"minecraft:acacia_wood":1,"minecraft:birch_planks":4,"ars_nouveau:wilden_wing":1,"minecraft:oak_log":35,"minecraft:chainmail_chestplate":2,"artifacts:cloud_in_a_bottle":1,"minecraft:golden_boots":1,"lycanitesmobs:raw_krake_meat":4,"byg:meadow_dirt":6,"minecraft:stone_bricks":15,"iceandfire:pixie_jar_empty":1,"lycanitesmobs:crystalshardcharge":5,"minecraft:iron_ingot":10,"minecraft:iron_ore":120,"tombstone:bag_of_seeds":1,"minecraft:glass_bottle":3,"minecraft:gray_bed":2,"minecraft:soul_sand":10,"minecraft:dark_oak_stairs":2,"minecraft:book":267,"lycanitesmobs:equipmentpart_grueclaw":1,"betteranimalsplus:bear_skin_brown":2,"minecraft:quartz":58,"minecraft:gravel":31,"minecraft:spruce_sapling":89,"minecraft:blast_furnace":1,"minecraft:spruce_log":1179,"minecraft:gold_ore":4,"byg:palm_planks":61,"minecraft:spider_eye":4,"minecraft:leather_helmet":4,"minecraft:cut_red_sandstone":2,"betteranimalsplus:eel_meat_raw":3,"minecraft:pumpkin_seeds":24,"minecraft:slime_ball":12,"minecraft:chainmail_leggings":4,"minecraft:diamond_axe":1,"tombstone:magic_scroll":1,"minecraft:melon_seeds":12,"minecraft:stripped_dark_oak_log":14,"minecraft:coal":87,"minecraft:ender_pearl":33},"minecraft:mined":{"minecraft:spruce_planks":69,"minecraft:stone_pressure_plate":1,"minecraft:chiseled_red_sandstone":1,"minecraft:spruce_trapdoor":1,"byg:cattail":1,"minecraft:brewing_stand":1,"minecraft:granite":6,"minecraft:acacia_log":7,"minecraft:grass_block":5,"iceandfire:lectern":2,"minecraft:coal_block":22,"travelersbackpack:iron":11,"minecraft:spawner":55,"byg:iris":2,"minecraft:mossy_cobblestone_stairs":2,"minecraft:iron_ore":103,"minecraft:fletching_table":6,"minecraft:nether_brick_stairs":3,"minecraft:iron_bars":18,"minecraft:purple_carpet":2,"minecraft:smooth_sandstone_stairs":1,"minecraft:iron_block":1,"minecraft:green_bed":1,"minecraft:spruce_slab":1,"minecraft:tripwire":1,"minecraft:sandstone_slab":1,"minecraft:cut_sandstone":3,"minecraft:quartz_block":9,"ars_nouveau:mana_berry_bush":1,"iceandfire:dragon_ice_spikes":2,"minecraft:torch":39,"minecraft:blast_furnace":1,"minecraft:poppy":1,"minecraft:chest":2,"byg:yellow_birch_leaves":1,"minecraft:dead_bush":2,"minecraft:cobblestone":44,"minecraft:oak_planks":1,"minecraft:sugar_cane":3,"minecraft:bricks":1,"minecraft:wall_torch":2,"minecraft:seagrass":1,"byg:soapstone":1,"byg:palm_log":40,"minecraft:birch_log":19,"minecraft:lilac":1,"minecraft:tnt":2,"minecraft:stone_brick_stairs":3,"minecraft:infested_mossy_stone_bricks":1,"byg:meadow_grass_block":5,"minecraft:grass":137,"minecraft:oak_log":8,"minecraft:beetroots":6,"minecraft:diorite_wall":2,"byg:blueberry_bush":3,"minecraft:sand":42,"minecraft:dirt":12,"minecraft:sandstone_wall":5,"minecraft:cut_red_sandstone":2,"minecraft:oak_leaves":17,"minecraft:diamond_ore":5,"iceandfire:silver_ore":4,"byg:water_silk":3,"minecraft:mossy_cobblestone":4,"byg:palm_sapling":2,"minecraft:dark_oak_log":2,"minecraft:nether_bricks":4,"minecraft:dark_oak_fence":4,"minecraft:spruce_fence":2,"minecraft:brick_stairs":1,"travelersbackpack:white_sleeping_bag":21,"minecraft:spruce_leaves":970,"minecraft:sandstone":8,"minecraft:hay_block":135,"minecraft:carrots":77,"iceandfire:copper_ore":7,"minecraft:acacia_wood":1,"minecraft:stripped_spruce_log":1,"minecraft:diamond_block":2,"minecraft:mossy_stone_brick_stairs":4,"minecraft:bookshelf":99,"minecraft:potatoes":76,"minecraft:cobblestone_slab":2,"minecraft:vine":5,"byg:rocky_stone":4,"minecraft:stone":64,"iceandfire:podium_spruce":2,"minecraft:white_wool":3,"iceandfire:pixie_jar_empty":1,"minecraft:smithing_table":1,"minecraft:light_gray_carpet":9,"byg:palm_planks":61,"lycanitesmobs:shadowfire":8,"minecraft:stripped_dark_oak_log":14,"minecraft:brown_carpet":5,"byg:wilted_grass":5,"minecraft:polished_granite":1,"minecraft:smooth_sandstone":3,"minecraft:crafting_table":2,"minecraft:lectern":1,"minecraft:tall_grass":10,"minecraft:diorite":1,"minecraft:spruce_stairs":1,"minecraft:cactus":1,"minecraft:light_blue_bed":2,"byg:meadow_dirt":1,"minecraft:spruce_log":1062,"minecraft:gray_bed":2,"byg:short_grass":8,"minecraft:grass_path":1,"byg:pine_log":2,"minecraft:coal_ore":87,"minecraft:gravel":40,"byg:palm_leaves":45,"byg:peat":3,"minecraft:cracked_stone_bricks":5,"ars_nouveau:arcane_ore":7,"minecraft:polished_andesite":2,"lycanitesmobs:scorchfire":8,"minecraft:stone_bricks":19,"minecraft:mossy_stone_bricks":3,"minecraft:gold_ore":10,"minecraft:chipped_anvil":1,"minecraft:iron_trapdoor":6,"minecraft:birch_fence":3,"minecraft:fern":1},"minecraft:broken":{"minecraft:iron_leggings":2,"minecraft:diamond_boots":1,"minecraft:iron_sword":2,"minecraft:stone_sword":1,"minecraft:chainmail_helmet":1,"minecraft:shield":1,"minecraft:iron_axe":5,"minecraft:iron_helmet":2},"minecraft:custom":{"minecraft:interact_with_crafting_table":64,"minecraft:open_barrel":97,"minecraft:eat_cake_slice":1,"minecraft:leave_game":32,"minecraft:time_since_death":3418,"minecraft:sprint_one_cm":1430504,"minecraft:damage_blocked_by_shield":780,"minecraft:drop":294,"minecraft:talked_to_villager":90,"minecraft:deaths":90,"minecraft:jump":10876,"minecraft:interact_with_brewingstand":1,"minecraft:walk_on_water_one_cm":46931,"minecraft:interact_with_furnace":91,"minecraft:traded_with_villager":253,"minecraft:play_one_minute":555196,"minecraft:sleep_in_bed":41,"minecraft:waystone_activated":3,"minecraft:damage_dealt":72316,"minecraft:player_kills":1,"minecraft:crouch_one_cm":56671,"tombstone:undead_killed":149,"tombstone:villager_killed":1,"minecraft:inspect_dispenser":1,"minecraft:interact_with_smithing_table":5,"minecraft:mob_kills":379,"minecraft:climb_one_cm":49567,"minecraft:walk_one_cm":1549396,"minecraft:sneak_time":20620,"minecraft:walk_under_water_one_cm":32746,"minecraft:boat_one_cm":92861,"tombstone:raider_killed":23,"minecraft:interact_with_grindstone":1,"minecraft:time_since_rest":2748,"minecraft:damage_absorbed":441,"minecraft:damage_taken":43862,"minecraft:trigger_trapped_chest":8,"minecraft:swim_one_cm":31358,"minecraft:fly_one_cm":2502360,"minecraft:open_chest":489,"minecraft:fall_one_cm":259334},"minecraft:killed_by":{"minecraft:zombie_villager":6,"minecraft:piglin_brute":1,"lycanitesmobs:krake":2,"minecraft:creeper":2,"lycanitesmobs:feradon":1,"lycanitesmobs:raiko":1,"lycanitesmobs:warg":3,"lycanitesmobs:ent":1,"lycanitesmobs:gnekk":4,"lycanitesmobs:volcan":4,"iceandfire:ice_dragon":1,"lycanitesmobs:morock":1,"minecraft:witch":1,"minecraft:zombie":5,"alexsmobs:grizzly_bear":1,"lycanitesmobs:darkling":1,"animalium:wild_dog":1,"lycanitesmobs:spectre":2,"minecraft:husk":2,"lycanitesmobs:argus":1,"lycanitesmobs:ventoraptor":3,"lycanitesmobs:shambler":1,"lycanitesmobs:jouste":2,"lycanitesmobs:aglebemu":1,"lycanitesmobs:ostimien":2,"lycanitesmobs:roa":1,"lycanitesmobs:chupacabra":4,"lycanitesmobs:roc":1,"lycanitesmobs:geonach":11,"lycanitesmobs:banshee":3,"minecraft:skeleton":5,"alexsmobs:tarantula_hawk":1,"lycanitesmobs:grue":9,"lycanitesmobs:vapula":2,"lycanitesmobs:geken":1,"lycanitesmobs:wraamon":1}},"DataVersion":2586}