{"stats":{"minecraft:dropped":{"minecraft:diamond_axe":3,"minecraft:oak_log":1,"minecraft:glass_bottle":2,"byg:red_rock":3,"minecraft:lantern":1,"artifacts:cloud_in_a_bottle":1,"byg:yellow_birch_sapling":1,"minecraft:cobblestone_stairs":1,"minecraft:cod":2,"minecraft:light_weighted_pressure_plate":1,"minecraft:gold_nugget":2,"minecraft:dark_oak_planks":2,"minecraft:fermented_spider_eye":1,"byg:scoria_cobblestone":2,"minecraft:white_wool":2,"minecraft:bone":4,"minecraft:gravel":1,"minecraft:smooth_sandstone_stairs":2,"minecraft:rotten_flesh":6,"byg:palo_verde_sapling":3,"minecraft:poppy":1,"byg:rocky_stone":3,"minecraft:melon_seeds":1,"minecraft:chainmail_boots":1,"minecraft:arrow":2,"minecraft:glass":1,"minecraft:quartz":16,"minecraft:polished_granite":1,"minecraft:netherrack":1,"minecraft:purple_carpet":1,"minecraft:bread":22,"minecraft:wheat_seeds":21,"minecraft:golden_horse_armor":2,"minecraft:feather":8,"minecraft:iron_helmet":1,"alexsmobs:rattlesnake_rattle":1,"minecraft:granite":6,"minecraft:stick":2,"byg:cattail":1,"lycanitesmobs:cooked_maka_meat":1,"minecraft:diorite":2,"croptopia:grape_seed":2,"minecraft:ink_sac":2,"minecraft:torch":9,"tombstone:grave_key":2,"minecraft:rabbit":1,"tombstone:grave_dust":2,"minecraft:iron_leggings":2,"minecraft:oak_stairs":3,"minecraft:smooth_sandstone":1,"artifacts:bunny_hoppers":1,"minecraft:spruce_sapling":1,"minecraft:chiseled_sandstone":3,"minecraft:coarse_dirt":1,"minecraft:clay_ball":12,"minecraft:stone":18,"minecraft:shield":1,"minecraft:orange_terracotta":1,"minecraft:diamond_pickaxe":2,"minecraft:iron_chestplate":1,"minecraft:andesite":5,"minecraft:golden_leggings":1,"minecraft:stone_pressure_plate":1,"minecraft:spider_eye":7,"minecraft:diamond_boots":1,"minecraft:red_sand":1,"minecraft:wooden_pickaxe":1,"minecraft:magma_cream":1},"minecraft:crafted":{"betteranimalsplus:venisoncooked":2,"minecraft:oak_planks":16,"minecraft:cut_sandstone":4,"croptopia:toast":18,"minecraft:cooked_mutton":2,"minecraft:glass":25,"tombstone:grave_key":7,"minecraft:chest":9,"travelersbackpack:iron_tier_upgrade":1,"minecraft:emerald":45,"minecraft:diamond_axe":2,"minecraft:crafting_table":3,"minecraft:spruce_planks":1104,"travelersbackpack:standard":1,"minecraft:baked_potato":6,"minecraft:wooden_pickaxe":2,"minecraft:iron_helmet":1,"minecraft:fletching_table":3,"minecraft:birch_planks":100,"minecraft:iron_chestplate":2,"minecraft:diamond_pickaxe":2,"minecraft:stick":1796,"minecraft:iron_ingot":68,"minecraft:iron_pickaxe":1,"minecraft:stone_sword":1,"minecraft:gold_ingot":4,"minecraft:coal":2,"minecraft:leather_boots":1,"minecraft:furnace":2,"minecraft:bone_meal":15,"lycanitesmobs:cooked_arisaur_meat":7,"travelersbackpack:blank_upgrade":4,"travelersbackpack:white_sleeping_bag":1,"minecraft:iron_axe":3,"minecraft:stone_pickaxe":1,"minecraft:dark_oak_planks":16,"minecraft:cooked_cod":10,"iceandfire:silver_ingot":3,"travelersbackpack:backpack_tank":4,"minecraft:iron_sword":1,"minecraft:stone_axe":2,"minecraft:air":0,"minecraft:bread":23,"minecraft:white_wool":4,"minecraft:wooden_axe":1,"minecraft:iron_leggings":2,"alexsmobs:roadrunner_boots":1,"minecraft:torch":38},"minecraft:killed":{"lycanitesmobs:krake":7,"minecraft:cave_spider":2,"animalium:wild_dog":2,"lycanitesmobs:cephignis":1,"lycanitesmobs:roc":12,"lycanitesmobs:sutiramu":1,"minecraft:spider":4,"lycanitesmobs:abtu":2,"lycanitesmobs:lacedon":1,"lycanitesmobs:gnekk":2,"lycanitesmobs:volcan":1,"minecraft:skeleton":2,"lycanitesmobs:yale":1,"betteranimalsplus:deer":1,"lycanitesmobs:vapula":3,"lycanitesmobs:erepede":1,"artifacts:mimic":3,"lycanitesmobs:sylph":1,"lycanitesmobs:geist":1,"lycanitesmobs:jouste":1,"lycanitesmobs:brucha":1,"minecraft:iron_golem":2,"lycanitesmobs:wraamon":3,"lycanitesmobs:gorgomite":4,"lycanitesmobs:arisaur":1,"minecraft:creeper":1,"minecraft:sheep":2,"minecraft:zombie":18,"alexsmobs:roadrunner":6,"lycanitesmobs:geonach":9,"lycanitesmobs:raiko":8,"lycanitesmobs:warg":1,"lycanitesmobs:feradon":1,"lycanitesmobs:pixen":2,"lycanitesmobs:banshee":5,"lycanitesmobs:reaper":1,"alexsmobs:tarantula_hawk":1,"lycanitesmobs:herma":3,"lycanitesmobs:darkling":4,"lycanitesmobs:ent":6,"lycanitesmobs:balayang":1,"lycanitesmobs:clink":1,"goblintraders:goblin_trader":1,"lycanitesmobs:abaia":1,"lycanitesmobs:joustealpha":1,"lycanitesmobs:quetzodracl":1,"minecraft:husk":1,"lycanitesmobs:grue":2,"lycanitesmobs:barghest":1,"lycanitesmobs:chupacabra":3,"lycanitesmobs:jengu":2,"ars_nouveau:wilden_stalker":1,"lycanitesmobs:jabberwock":1,"lycanitesmobs:afrit":2,"minecraft:villager":1},"minecraft:used":{"minecraft:red_sand":1,"minecraft:chest":15,"minecraft:shield":6,"minecraft:stone":5,"minecraft:iron_sword":220,"tombstone:scroll_of_preservation":1,"minecraft:carrot":14,"minecraft:lava_bucket":1,"minecraft:light_blue_bed":2,"carryon:tile_item":16,"minecraft:hay_block":9,"minecraft:furnace":11,"minecraft:gray_bed":3,"minecraft:potato":9,"minecraft:diorite":2,"minecraft:stone_pickaxe":60,"minecraft:cactus":4,"minecraft:ender_pearl":3,"minecraft:wooden_pickaxe":38,"minecraft:sandstone":2,"minecraft:diamond_axe":70,"minecraft:golden_apple":2,"minecraft:sand":14,"minecraft:loom":1,"lycanitesmobs:cooked_arisaur_meat":2,"minecraft:bread":25,"minecraft:cyan_bed":2,"tombstone:grave_key":21,"minecraft:polished_granite":1,"minecraft:gravel":66,"croptopia:toast":22,"minecraft:smithing_table":1,"minecraft:andesite":13,"minecraft:birch_log":3,"minecraft:bone_meal":7,"minecraft:enchanting_table":3,"minecraft:stone_sword":116,"minecraft:torch":62,"minecraft:dirt":5,"minecraft:granite":2,"minecraft:spruce_fence":1,"minecraft:iron_axe":482,"tombstone:gift":5,"minecraft:orange_terracotta":1,"betteranimalsplus:venisoncooked":2,"croptopia:grape":1,"minecraft:cooked_mutton":2,"minecraft:birch_planks":5,"minecraft:baked_potato":6,"minecraft:fletching_table":2,"minecraft:salmon":4,"minecraft:crafting_table":7,"minecraft:spruce_log":12,"minecraft:diamond_pickaxe":361,"lycanitesmobs:cooked_maka_meat":1,"minecraft:iron_pickaxe":188,"travelersbackpack:white_sleeping_bag":2,"minecraft:spruce_sapling":12,"minecraft:stone_axe":160,"minecraft:cobblestone":115,"minecraft:potion":2,"byg:scoria_cobblestone":2,"minecraft:bucket":1,"alexsmobs:animal_dictionary":5},"minecraft:picked_up":{"lycanitesmobs:quillcharge":7,"lycanitesmobs:raw_chupacabra_meat":5,"minecraft:chainmail_boots":1,"minecraft:prismarine_shard":7,"croptopia:grape_seed":2,"lycanitesmobs:cooked_maka_meat":2,"minecraft:smithing_table":1,"artifacts:bunny_hoppers":2,"artifacts:umbrella":1,"minecraft:oak_stairs":3,"betteranimalsplus:venisonraw":2,"minecraft:potion":1,"minecraft:enchanted_book":2,"lycanitesmobs:magmacharge":2,"croptopia:calamari":1,"byg:palo_verde_sapling":2,"tombstone:grave_key":1,"iceandfire:manuscript":7,"lycanitesmobs:raw_arisaur_meat":12,"minecraft:string":18,"byg:red_rock":3,"minecraft:iron_leggings":2,"betteranimalsplus:venisoncooked":4,"ars_nouveau:mana_gem":4,"minecraft:pufferfish":2,"minecraft:red_sand":2,"minecraft:gold_nugget":12,"minecraft:enchanted_golden_apple":1,"minecraft:iron_boots":1,"minecraft:furnace":9,"minecraft:stick":39,"minecraft:torch":69,"iceandfire:rotten_egg":1,"tombstone:grave_dust":10,"minecraft:diorite":4,"lycanitesmobs:geistliver":4,"byg:cattail":1,"lycanitesmobs:equipmentpart_bruchaquill":2,"minecraft:cauldron":1,"minecraft:cactus":4,"minecraft:rotten_flesh":35,"minecraft:tropical_fish":2,"ars_nouveau:worn_notebook":1,"minecraft:bookshelf":24,"minecraft:blaze_rod":2,"minecraft:obsidian":3,"minecraft:cod":10,"minecraft:cobblestone":232,"minecraft:birch_log":34,"minecraft:enchanting_table":3,"minecraft:feather":49,"minecraft:magma_cream":1,"minecraft:andesite":30,"minecraft:potato":46,"minecraft:flint":10,"minecraft:smooth_sandstone_stairs":2,"minecraft:lapis_lazuli":101,"minecraft:dirt":5,"minecraft:lantern":3,"minecraft:polished_granite":2,"minecraft:purple_carpet":1,"minecraft:bone":100,"minecraft:wheat_seeds":25,"lycanitesmobs:poisongland":3,"minecraft:rabbit":2,"minecraft:glowstone_dust":18,"minecraft:oak_planks":3,"lycanitesmobs:spectralboltcharge":3,"lycanitesmobs:equipmentpart_entarm":1,"minecraft:sand":47,"minecraft:cyan_bed":2,"minecraft:ink_sac":5,"minecraft:loom":2,"minecraft:fermented_spider_eye":3,"minecraft:dark_oak_log":4,"minecraft:chiseled_sandstone":7,"ars_nouveau:wilden_horn":3,"minecraft:mossy_cobblestone":1,"travelersbackpack:white_sleeping_bag":2,"lycanitesmobs:scorchfireballcharge":7,"minecraft:diamond":110,"alexsmobs:rattlesnake_rattle":1,"minecraft:crossbow":1,"minecraft:granite":8,"minecraft:golden_apple":1,"minecraft:emerald":9,"minecraft:golden_horse_armor":1,"minecraft:bread":22,"minecraft:netherrack":1,"minecraft:diamond_pickaxe":2,"croptopia:toast":12,"minecraft:coarse_dirt":1,"minecraft:crafting_table":4,"byg:soapstone":3,"minecraft:clay_ball":16,"minecraft:brown_mushroom":6,"alexsmobs:roadrunner_feather":4,"minecraft:shield":2,"artifacts:feral_claws":1,"lycanitesmobs:tricksterflarecharge":5,"minecraft:cracked_stone_bricks":2,"minecraft:poppy":3,"minecraft:chest":8,"lycanitesmobs:raw_maka_meat":2,"minecraft:phantom_membrane":2,"minecraft:sandstone":30,"minecraft:stone":22,"minecraft:spruce_fence":1,"minecraft:carrot":27,"minecraft:light_blue_bed":2,"minecraft:prismarine_crystals":1,"ars_nouveau:wixie_shards":1,"minecraft:stone_pressure_plate":1,"minecraft:dark_oak_planks":1,"croptopia:grape":1,"byg:yellow_birch_sapling":1,"iceandfire:silver_ingot":1,"lycanitesmobs:aquapulsecharge":6,"minecraft:arrow":3,"lycanitesmobs:raw_jouste_meat":2,"minecraft:hay_block":36,"lycanitesmobs:chaosorbcharge":4,"minecraft:gold_ingot":7,"minecraft:mutton":4,"byg:rocky_stone":3,"minecraft:white_wool":3,"minecraft:stripped_oak_log":4,"minecraft:salmon":5,"minecraft:cut_sandstone":1,"minecraft:leather":37,"minecraft:red_mushroom":6,"minecraft:birch_planks":18,"lycanitesmobs:mudshotcharge":4,"minecraft:oak_log":1,"artifacts:cloud_in_a_bottle":1,"minecraft:cobblestone_stairs":1,"lycanitesmobs:raw_krake_meat":15,"minecraft:gunpowder":11,"tombstone:gift":1,"minecraft:orange_terracotta":2,"lycanitesmobs:equipmentpart_lacedonhead":1,"minecraft:smooth_sandstone":1,"byg:scoria_cobblestone":20,"minecraft:apple":1,"lycanitesmobs:crystalshardcharge":8,"minecraft:iron_ingot":11,"minecraft:iron_ore":86,"minecraft:glass_bottle":1,"minecraft:gray_bed":3,"minecraft:soul_sand":14,"minecraft:quartz":55,"lycanitesmobs:equipmentpart_grueclaw":1,"minecraft:gravel":74,"minecraft:spruce_sapling":29,"minecraft:spruce_log":299,"minecraft:gold_ore":4,"minecraft:crying_obsidian":1,"minecraft:spider_eye":11,"minecraft:pumpkin_seeds":4,"minecraft:slime_ball":2,"minecraft:stone_axe":2,"minecraft:diamond_axe":3,"byg:palo_verde_log":7,"minecraft:iron_helmet":2,"minecraft:melon_seeds":1,"minecraft:coal":141,"ars_nouveau:mana_berry":3,"minecraft:ender_pearl":23},"minecraft:mined":{"minecraft:stone_pressure_plate":1,"croptopia:grape_crop":1,"byg:cattail":1,"minecraft:red_sand":1,"minecraft:grass_block":5,"minecraft:spawner":13,"minecraft:iron_ore":66,"minecraft:enchanting_table":3,"minecraft:purple_carpet":1,"minecraft:smooth_sandstone_stairs":2,"minecraft:cut_sandstone":1,"minecraft:orange_terracotta":1,"minecraft:torch":8,"minecraft:chest":8,"minecraft:dead_bush":1,"minecraft:cobblestone":8,"minecraft:cyan_bed":2,"minecraft:oak_planks":2,"minecraft:wall_torch":1,"minecraft:cauldron":1,"minecraft:seagrass":1,"byg:soapstone":8,"minecraft:birch_log":32,"minecraft:grass":91,"minecraft:loom":2,"minecraft:sand":29,"minecraft:dirt":1,"minecraft:netherrack":1,"minecraft:oak_leaves":2,"minecraft:diamond_ore":47,"minecraft:crying_obsidian":2,"minecraft:mossy_cobblestone":2,"minecraft:dark_oak_log":4,"minecraft:spruce_fence":1,"travelersbackpack:white_sleeping_bag":2,"minecraft:spruce_leaves":192,"minecraft:sandstone":24,"minecraft:hay_block":37,"minecraft:furnace":9,"minecraft:carrots":5,"minecraft:chiseled_sandstone":7,"minecraft:andesite":29,"minecraft:bookshelf":24,"minecraft:potatoes":8,"minecraft:vine":10,"minecraft:stripped_oak_log":4,"minecraft:stone":154,"minecraft:smithing_table":1,"minecraft:glass_pane":3,"lycanitesmobs:shadowfire":9,"minecraft:polished_granite":1,"minecraft:smooth_sandstone":4,"minecraft:crafting_table":4,"minecraft:tall_grass":1,"minecraft:lapis_ore":5,"minecraft:diorite":4,"minecraft:birch_planks":3,"byg:prickly_pear_cactus":1,"minecraft:cactus":4,"byg:scoria_stone":16,"minecraft:light_blue_bed":2,"minecraft:spruce_log":301,"minecraft:gray_bed":3,"byg:short_grass":7,"minecraft:coal_ore":53,"minecraft:gravel":80,"byg:palo_verde_log":7,"minecraft:cracked_stone_bricks":2,"ars_nouveau:arcane_ore":5,"lycanitesmobs:scorchfire":4,"minecraft:gold_ore":4,"minecraft:infested_stone":1},"minecraft:broken":{"minecraft:golden_helmet":1,"minecraft:iron_chestplate":1,"minecraft:iron_leggings":1,"minecraft:stone_axe":2,"minecraft:wooden_pickaxe":1,"minecraft:iron_axe":2,"minecraft:iron_helmet":2},"minecraft:custom":{"minecraft:interact_with_crafting_table":53,"minecraft:open_barrel":7,"goblintraders:trade_with_goblin":2,"minecraft:bell_ring":38,"minecraft:leave_game":10,"minecraft:time_since_death":3481,"minecraft:sprint_one_cm":727924,"minecraft:damage_blocked_by_shield":243,"minecraft:drop":114,"minecraft:talked_to_villager":27,"minecraft:deaths":88,"minecraft:jump":7394,"minecraft:walk_on_water_one_cm":47579,"minecraft:interact_with_furnace":130,"minecraft:traded_with_villager":47,"minecraft:play_one_minute":285510,"minecraft:sleep_in_bed":19,"minecraft:waystone_activated":1,"tombstone:sneak_grave":29,"minecraft:damage_dealt":34730,"minecraft:crouch_one_cm":115845,"tombstone:undead_killed":27,"tombstone:villager_killed":1,"minecraft:interact_with_smoker":2,"minecraft:interact_with_smithing_table":5,"minecraft:mob_kills":157,"minecraft:interact_with_campfire":13,"minecraft:climb_one_cm":9421,"minecraft:walk_one_cm":624903,"minecraft:sneak_time":31911,"minecraft:walk_under_water_one_cm":22131,"minecraft:time_since_rest":2748,"minecraft:damage_taken":29578,"minecraft:damage_absorbed":161,"minecraft:swim_one_cm":25570,"minecraft:fly_one_cm":1912151,"minecraft:open_chest":383,"minecraft:fall_one_cm":324451},"minecraft:killed_by":{"lycanitesmobs:naxiris":2,"lycanitesmobs:krake":4,"minecraft:creeper":1,"lycanitesmobs:feradon":3,"lycanitesmobs:raiko":1,"lycanitesmobs:salamander":1,"lycanitesmobs:warg":1,"lycanitesmobs:ent":1,"lycanitesmobs:gnekk":1,"lycanitesmobs:jengu":2,"lycanitesmobs:necrovore":1,"lycanitesmobs:volcan":3,"minecraft:cave_spider":1,"lycanitesmobs:morock":1,"artifacts:mimic":4,"minecraft:zombie":7,"lycanitesmobs:darkling":3,"lycanitesmobs:cockatrice":1,"animalium:wild_dog":1,"lycanitesmobs:spectre":1,"lycanitesmobs:balayang":1,"minecraft:husk":3,"minecraft:player":1,"lycanitesmobs:argus":2,"lycanitesmobs:ventoraptor":1,"lycanitesmobs:herma":2,"lycanitesmobs:ostimien":1,"ars_nouveau:wilden_stalker":1,"lycanitesmobs:chupacabra":1,"lycanitesmobs:geonach":6,"lycanitesmobs:banshee":3,"minecraft:skeleton":7,"lycanitesmobs:barghest":1,"lycanitesmobs:cryptkeeper":1,"lycanitesmobs:abaia":1,"lycanitesmobs:skylus":1,"lycanitesmobs:abtu":2,"lycanitesmobs:grue":4,"lycanitesmobs:vapula":1,"lycanitesmobs:sylph":1,"lycanitesmobs:wraamon":2}},"DataVersion":2586}