{"stats":{"minecraft:broken":{"minecraft:golden_helmet":1,"minecraft:iron_chestplate":1,"minecraft:iron_leggings":1,"minecraft:stone_axe":2,"mowziesmobs:barakoa_mask_misery":1,"minecraft:wooden_pickaxe":1,"minecraft:iron_axe":2,"minecraft:iron_helmet":2},"minecraft:picked_up":{"lycanitesmobs:raw_chupacabra_meat":13,"lycanitesmobs:quillcharge":7,"minecraft:wheat":61,"minecraft:chainmail_boots":1,"lycanitesmobs:cooked_maka_meat":2,"minecraft:prismarine_shard":7,"croptopia:grape_seed":2,"minecraft:stone_slab":133,"artifacts:bunny_hoppers":2,"minecraft:smithing_table":1,"artifacts:umbrella":2,"minecraft:oak_stairs":3,"betteranimalsplus:venisonraw":2,"minecraft:enchanted_book":2,"minecraft:potion":1,"lycanitesmobs:magmacharge":2,"tombstone:grave_key":1,"byg:palo_verde_sapling":2,"croptopia:calamari":1,"iceandfire:manuscript":7,"lycanitesmobs:raw_arisaur_meat":20,"minecraft:string":33,"byg:red_rock":3,"ars_nouveau:mana_gem":4,"minecraft:iron_leggings":2,"betteranimalsplus:venisoncooked":4,"minecraft:pufferfish":2,"minecraft:bucket":13,"minecraft:red_sand":2,"minecraft:gold_nugget":12,"minecraft:spruce_planks":4,"artifacts:aqua_dashers":3,"minecraft:cobblestone_slab":65,"minecraft:enchanted_golden_apple":1,"minecraft:iron_boots":1,"minecraft:furnace":9,"minecraft:stick":44,"minecraft:torch":102,"iceandfire:rotten_egg":1,"tombstone:grave_dust":10,"minecraft:diorite":9,"byg:cattail":1,"lycanitesmobs:geistliver":4,"lycanitesmobs:equipmentpart_bruchaquill":2,"minecraft:cauldron":1,"minecraft:cactus":4,"minecraft:rotten_flesh":42,"minecraft:tropical_fish":2,"ars_nouveau:worn_notebook":1,"lycanitesmobs:equipmentpart_ventoraptorskull":3,"minecraft:bookshelf":24,"minecraft:blaze_rod":3,"mowziesmobs:barakoa_mask_misery":1,"minecraft:obsidian":3,"minecraft:iron_bars":2,"minecraft:cod":13,"minecraft:cobblestone":491,"minecraft:birch_log":34,"minecraft:enchanting_table":3,"minecraft:magma_block":2,"minecraft:feather":80,"minecraft:cooked_beef":3,"minecraft:magma_cream":2,"minecraft:water_bucket":1,"minecraft:andesite":35,"minecraft:potato":50,"minecraft:flint":11,"minecraft:smooth_sandstone_stairs":2,"minecraft:lapis_lazuli":713,"minecraft:dirt":5,"minecraft:lantern":3,"minecraft:polished_granite":4,"minecraft:name_tag":1,"minecraft:purple_carpet":1,"minecraft:bone":131,"minecraft:wheat_seeds":200,"lycanitesmobs:poisongland":5,"minecraft:rabbit":3,"minecraft:glowstone_dust":18,"croptopia:roe":1,"minecraft:oak_planks":3,"lycanitesmobs:spectralboltcharge":5,"lycanitesmobs:equipmentpart_entarm":1,"minecraft:sand":52,"minecraft:fermented_spider_eye":4,"minecraft:ink_sac":5,"minecraft:loom":2,"minecraft:cyan_bed":2,"minecraft:chiseled_sandstone":7,"minecraft:dark_oak_log":4,"ars_nouveau:wilden_horn":3,"minecraft:mossy_cobblestone":6,"travelersbackpack:white_sleeping_bag":2,"lycanitesmobs:scorchfireballcharge":9,"minecraft:diamond":197,"minecraft:crossbow":1,"alexsmobs:rattlesnake_rattle":1,"minecraft:granite":10,"minecraft:golden_apple":1,"minecraft:bread":22,"minecraft:golden_horse_armor":1,"minecraft:emerald":16,"minecraft:chorus_fruit":5,"minecraft:netherrack":1,"minecraft:bricks":4,"croptopia:toast":12,"minecraft:diamond_pickaxe":2,"minecraft:spruce_leaves":7,"minecraft:coarse_dirt":1,"minecraft:crafting_table":4,"byg:soapstone":3,"artifacts:night_vision_goggles":1,"minecraft:clay_ball":16,"minecraft:brown_mushroom":6,"alexsmobs:roadrunner_feather":4,"minecraft:shield":2,"artifacts:feral_claws":1,"lycanitesmobs:tricksterflarecharge":5,"minecraft:cracked_stone_bricks":2,"minecraft:poppy":3,"minecraft:sugar_cane":7,"minecraft:chest":10,"lycanitesmobs:raw_maka_meat":9,"minecraft:phantom_membrane":6,"minecraft:sandstone":30,"minecraft:stone":361,"minecraft:bowl":1,"minecraft:spruce_fence":1,"minecraft:carrot":27,"minecraft:redstone":50,"minecraft:light_blue_bed":2,"minecraft:prismarine_crystals":1,"ars_nouveau:wixie_shards":1,"minecraft:stone_pressure_plate":1,"minecraft:dark_oak_planks":1,"croptopia:grape":1,"byg:yellow_birch_sapling":1,"iceandfire:silver_ingot":1,"lycanitesmobs:aquapulsecharge":16,"minecraft:arrow":3,"lycanitesmobs:raw_jouste_meat":2,"mowziesmobs:barakoa_mask_fear":1,"minecraft:hay_block":36,"lycanitesmobs:chaosorbcharge":10,"minecraft:gold_ingot":7,"minecraft:mutton":4,"byg:rocky_stone":11,"minecraft:white_wool":3,"minecraft:stripped_oak_log":4,"minecraft:salmon":5,"minecraft:leather":47,"minecraft:cut_sandstone":1,"minecraft:red_mushroom":6,"minecraft:birch_planks":18,"ars_nouveau:wilden_wing":1,"lycanitesmobs:mudshotcharge":4,"minecraft:oak_log":7,"minecraft:chainmail_chestplate":1,"artifacts:cloud_in_a_bottle":1,"lycanitesmobs:raw_krake_meat":15,"minecraft:gunpowder":13,"minecraft:cobblestone_stairs":1,"mowziesmobs:wrought_axe":1,"minecraft:paper":5,"tombstone:gift":1,"minecraft:orange_terracotta":2,"lycanitesmobs:equipmentpart_lacedonhead":1,"minecraft:smooth_sandstone":1,"byg:scoria_cobblestone":20,"minecraft:apple":1,"minecraft:creeper_spawn_egg":3,"minecraft:stone_pickaxe":1,"lycanitesmobs:crystalshardcharge":25,"minecraft:iron_ingot":11,"artifacts:kitty_slippers":1,"minecraft:cobweb":2,"minecraft:iron_ore":125,"minecraft:glass_bottle":3,"minecraft:gray_bed":3,"minecraft:soul_sand":14,"lycanitesmobs:equipmentpart_grueclaw":1,"minecraft:quartz":89,"minecraft:gravel":80,"mowziesmobs:wrought_helmet":1,"minecraft:spruce_sapling":38,"minecraft:spruce_log":417,"minecraft:crying_obsidian":5,"minecraft:gold_ore":12,"artifacts:scarf_of_invisibility":1,"minecraft:spider_eye":13,"minecraft:spruce_door":1,"minecraft:pumpkin_seeds":4,"minecraft:slime_ball":6,"minecraft:stone_axe":2,"byg:palo_verde_log":7,"minecraft:iron_helmet":2,"minecraft:diamond_axe":4,"minecraft:lodestone":1,"minecraft:melon_seeds":1,"lycanitesmobs:bloodleechcharge":2,"minecraft:coal":160,"ars_nouveau:mana_berry":3,"minecraft:ender_pearl":32},"minecraft:used":{"minecraft:red_sand":1,"minecraft:chest":15,"minecraft:shield":6,"minecraft:iron_sword":220,"minecraft:stone":15,"minecraft:spruce_leaves":6,"minecraft:rotten_flesh":6,"tombstone:scroll_of_preservation":1,"minecraft:carrot":14,"ironchest:iron_chest":1,"minecraft:lava_bucket":1,"minecraft:light_blue_bed":2,"carryon:tile_item":26,"minecraft:hay_block":9,"minecraft:furnace":11,"croptopia:roe":1,"minecraft:gray_bed":3,"minecraft:potato":9,"minecraft:diorite":4,"minecraft:chorus_fruit":1,"minecraft:stone_pickaxe":60,"minecraft:cactus":4,"minecraft:ender_pearl":3,"minecraft:wooden_pickaxe":38,"minecraft:diamond_axe":457,"minecraft:sandstone":2,"minecraft:golden_apple":8,"minecraft:sand":19,"minecraft:loom":1,"lycanitesmobs:cooked_arisaur_meat":7,"minecraft:crying_obsidian":2,"minecraft:bread":26,"minecraft:cyan_bed":2,"tombstone:grave_key":26,"minecraft:polished_granite":2,"minecraft:gravel":66,"croptopia:toast":30,"minecraft:smithing_table":1,"minecraft:andesite":13,"minecraft:birch_log":3,"minecraft:bone_meal":7,"minecraft:enchanting_table":3,"minecraft:stone_sword":116,"minecraft:flint_and_steel":11,"minecraft:spruce_planks":3,"minecraft:torch":103,"minecraft:dirt":5,"minecraft:granite":2,"minecraft:spruce_fence":1,"minecraft:iron_axe":482,"ironchest:gold_chest":4,"tombstone:gift":5,"minecraft:cooked_beef":3,"minecraft:orange_terracotta":1,"betteranimalsplus:venisoncooked":2,"croptopia:grape":1,"minecraft:cooked_mutton":2,"minecraft:water_bucket":4,"minecraft:iron_ore":1,"minecraft:lodestone":2,"minecraft:birch_planks":5,"minecraft:baked_potato":6,"minecraft:fletching_table":2,"minecraft:cobblestone_slab":23,"minecraft:salmon":4,"minecraft:crafting_table":8,"minecraft:cod":1,"minecraft:spruce_log":12,"mowziesmobs:wrought_axe":89,"minecraft:diamond_pickaxe":958,"lycanitesmobs:cooked_maka_meat":8,"minecraft:iron_pickaxe":188,"minecraft:stone_slab":763,"travelersbackpack:white_sleeping_bag":2,"minecraft:spruce_sapling":29,"minecraft:stone_axe":160,"minecraft:potion":2,"minecraft:cobblestone":187,"byg:scoria_cobblestone":2,"travelersbackpack:standard":7,"minecraft:bucket":20,"alexsmobs:animal_dictionary":5},"minecraft:killed_by":{"lycanitesmobs:naxiris":2,"lycanitesmobs:quetzodracl":1,"lycanitesmobs:krake":4,"minecraft:creeper":1,"lycanitesmobs:feradon":3,"lycanitesmobs:raiko":1,"lycanitesmobs:salamander":1,"lycanitesmobs:warg":1,"lycanitesmobs:ent":1,"lycanitesmobs:gnekk":1,"lycanitesmobs:jengu":4,"lycanitesmobs:kobold":1,"lycanitesmobs:necrovore":1,"lycanitesmobs:volcan":4,"minecraft:cave_spider":1,"lycanitesmobs:morock":4,"lycanitesmobs:afrit":1,"artifacts:mimic":10,"minecraft:zombie":7,"lycanitesmobs:darkling":3,"lycanitesmobs:cockatrice":1,"animalium:wild_dog":1,"lycanitesmobs:spectre":2,"lycanitesmobs:balayang":1,"minecraft:husk":5,"minecraft:player":2,"lycanitesmobs:argus":2,"lycanitesmobs:ventoraptor":8,"lycanitesmobs:herma":2,"lycanitesmobs:ostimien":1,"ars_nouveau:wilden_stalker":1,"lycanitesmobs:chupacabra":2,"mowziesmobs:ferrous_wroughtnaut":8,"lycanitesmobs:geonach":7,"lycanitesmobs:reiver":1,"lycanitesmobs:banshee":3,"minecraft:skeleton":7,"lycanitesmobs:barghest":2,"lycanitesmobs:cryptkeeper":1,"lycanitesmobs:abaia":1,"lycanitesmobs:skylus":1,"lycanitesmobs:grue":7,"lycanitesmobs:abtu":2,"lycanitesmobs:vapula":3,"lycanitesmobs:sylph":1,"lycanitesmobs:wraamon":3},"minecraft:dropped":{"minecraft:iron_sword":1,"minecraft:soul_sand":2,"minecraft:brown_mushroom":6,"minecraft:diamond_axe":4,"minecraft:oak_log":1,"minecraft:chorus_fruit":2,"minecraft:glass_bottle":2,"minecraft:diamond":1,"minecraft:crossbow":2,"byg:red_rock":3,"minecraft:lantern":2,"artifacts:cloud_in_a_bottle":1,"minecraft:cracked_stone_bricks":1,"byg:yellow_birch_sapling":1,"minecraft:flint":4,"minecraft:light_weighted_pressure_plate":1,"minecraft:cod":16,"minecraft:red_mushroom":6,"minecraft:emerald":1,"minecraft:cobblestone_stairs":1,"minecraft:spruce_leaves":1,"minecraft:cut_sandstone":4,"minecraft:cooked_cod":10,"minecraft:gold_nugget":12,"minecraft:phantom_membrane":5,"minecraft:sand":9,"minecraft:iron_pickaxe":1,"minecraft:dark_oak_planks":2,"minecraft:fermented_spider_eye":2,"byg:scoria_cobblestone":6,"minecraft:white_wool":3,"minecraft:bone":11,"minecraft:gravel":17,"minecraft:smooth_sandstone_stairs":2,"minecraft:wheat":1,"minecraft:rotten_flesh":28,"byg:palo_verde_sapling":3,"minecraft:salmon":9,"minecraft:poppy":3,"byg:rocky_stone":3,"minecraft:melon_seeds":1,"minecraft:chainmail_boots":1,"minecraft:iron_bars":1,"minecraft:arrow":3,"minecraft:glass":1,"minecraft:crying_obsidian":2,"minecraft:quartz":23,"minecraft:polished_granite":2,"minecraft:netherrack":1,"minecraft:purple_carpet":1,"minecraft:bread":22,"minecraft:wheat_seeds":198,"minecraft:tnt":3,"minecraft:mossy_cobblestone":3,"minecraft:golden_horse_armor":2,"minecraft:prismarine_shard":7,"minecraft:lead":1,"minecraft:iron_helmet":1,"minecraft:feather":13,"minecraft:cobblestone":2,"minecraft:prismarine_crystals":1,"alexsmobs:rattlesnake_rattle":1,"minecraft:granite":14,"minecraft:spruce_door":1,"minecraft:tropical_fish":2,"minecraft:stick":7,"minecraft:pufferfish":2,"byg:cattail":1,"minecraft:diorite":2,"lycanitesmobs:cooked_maka_meat":1,"croptopia:grape_seed":2,"minecraft:ink_sac":2,"minecraft:torch":9,"tombstone:grave_key":2,"byg:soapstone":3,"minecraft:rabbit":2,"tombstone:grave_dust":2,"minecraft:iron_leggings":3,"minecraft:oak_stairs":3,"minecraft:slime_spawn_egg":1,"minecraft:smooth_sandstone":1,"minecraft:chiseled_sandstone":5,"minecraft:spruce_sapling":2,"artifacts:bunny_hoppers":1,"minecraft:bricks":4,"minecraft:coarse_dirt":1,"minecraft:stone_sword":1,"minecraft:clay_ball":12,"minecraft:iron_boots":2,"minecraft:pumpkin_seeds":4,"minecraft:stone":18,"minecraft:shield":4,"minecraft:orange_terracotta":1,"minecraft:spruce_planks":1,"minecraft:iron_chestplate":1,"minecraft:diamond_pickaxe":2,"minecraft:andesite":22,"minecraft:golden_leggings":1,"minecraft:stone_pressure_plate":1,"minecraft:spider_eye":7,"minecraft:diamond_boots":1,"minecraft:sandstone":2,"minecraft:red_sand":1,"minecraft:wooden_pickaxe":1,"minecraft:magma_cream":1},"minecraft:custom":{"minecraft:interact_with_crafting_table":62,"minecraft:open_barrel":20,"goblintraders:trade_with_goblin":17,"minecraft:bell_ring":38,"minecraft:leave_game":14,"minecraft:time_since_death":1315,"minecraft:sprint_one_cm":1039723,"minecraft:damage_blocked_by_shield":243,"minecraft:drop":203,"minecraft:talked_to_villager":27,"minecraft:deaths":132,"minecraft:jump":11522,"minecraft:walk_on_water_one_cm":104496,"minecraft:interact_with_furnace":145,"minecraft:traded_with_villager":47,"minecraft:play_one_minute":461823,"minecraft:sleep_in_bed":34,"minecraft:waystone_activated":1,"tombstone:sneak_grave":62,"minecraft:damage_dealt":58632,"minecraft:crouch_one_cm":219649,"tombstone:undead_killed":40,"tombstone:villager_killed":1,"minecraft:interact_with_smoker":3,"minecraft:inspect_dispenser":20,"minecraft:interact_with_smithing_table":5,"minecraft:inspect_dropper":2,"minecraft:mob_kills":244,"minecraft:inspect_hopper":3,"minecraft:interact_with_campfire":13,"minecraft:climb_one_cm":9648,"minecraft:walk_one_cm":1000679,"minecraft:sneak_time":59670,"minecraft:walk_under_water_one_cm":71220,"minecraft:time_since_rest":1186,"minecraft:damage_taken":46623,"minecraft:damage_absorbed":770,"minecraft:trigger_trapped_chest":3,"minecraft:swim_one_cm":69013,"minecraft:fly_one_cm":3391928,"minecraft:open_chest":754,"minecraft:fall_one_cm":1039692},"minecraft:killed":{"mowziesmobs:barakoan_barakoana":5,"lycanitesmobs:krake":7,"minecraft:cave_spider":8,"animalium:wild_dog":2,"lycanitesmobs:arix":1,"lycanitesmobs:cephignis":1,"lycanitesmobs:roc":16,"minecraft:spider":8,"lycanitesmobs:sutiramu":1,"lycanitesmobs:abtu":2,"lycanitesmobs:lacedon":1,"lycanitesmobs:gnekk":4,"lycanitesmobs:volcan":1,"minecraft:skeleton":4,"lycanitesmobs:yale":1,"betteranimalsplus:deer":1,"lycanitesmobs:vapula":7,"lycanitesmobs:maka":2,"lycanitesmobs:erepede":1,"artifacts:mimic":8,"lycanitesmobs:sylph":1,"lycanitesmobs:jouste":1,"lycanitesmobs:brucha":1,"lycanitesmobs:geist":2,"minecraft:iron_golem":2,"lycanitesmobs:wraamon":8,"lycanitesmobs:gorgomite":4,"lycanitesmobs:arisaur":1,"minecraft:creeper":2,"minecraft:sheep":2,"minecraft:zombie":25,"betteranimalsplus:jellyfish":2,"alexsmobs:roadrunner":6,"lycanitesmobs:geonach":11,"lycanitesmobs:raiko":10,"lycanitesmobs:warg":1,"lycanitesmobs:feradon":2,"lycanitesmobs:pixen":2,"lycanitesmobs:banshee":5,"lycanitesmobs:reaper":2,"alexsmobs:tarantula_hawk":1,"lycanitesmobs:herma":4,"lycanitesmobs:darkling":5,"mowziesmobs:ferrous_wroughtnaut":1,"lycanitesmobs:balayang":1,"lycanitesmobs:ent":7,"lycanitesmobs:clink":1,"goblintraders:goblin_trader":1,"lycanitesmobs:abaia":1,"lycanitesmobs:joustealpha":1,"lycanitesmobs:quetzodracl":1,"minecraft:husk":1,"lycanitesmobs:grue":4,"lycanitesmobs:ventoraptor":5,"lycanitesmobs:barghest":3,"lycanitesmobs:salamander":1,"lycanitesmobs:chupacabra":9,"lycanitesmobs:jengu":4,"ars_nouveau:wilden_stalker":3,"mowziesmobs:barakoana":1,"lycanitesmobs:reiver":1,"lycanitesmobs:afrit":4,"lycanitesmobs:jabberwock":1,"lycanitesmobs:epion":1,"minecraft:villager":1},"minecraft:mined":{"minecraft:stone_pressure_plate":1,"croptopia:grape_crop":1,"byg:cattail":1,"minecraft:granite":4,"minecraft:red_sand":1,"minecraft:grass_block":5,"minecraft:spawner":34,"minecraft:iron_ore":99,"minecraft:fire":11,"minecraft:enchanting_table":3,"minecraft:iron_bars":3,"minecraft:purple_carpet":1,"minecraft:smooth_sandstone_stairs":2,"minecraft:cut_sandstone":1,"minecraft:orange_terracotta":1,"minecraft:torch":30,"minecraft:chest":10,"minecraft:dead_bush":1,"minecraft:cobblestone":197,"minecraft:cyan_bed":2,"minecraft:oak_planks":2,"minecraft:wall_torch":1,"minecraft:cauldron":1,"minecraft:seagrass":1,"byg:soapstone":8,"minecraft:birch_log":32,"minecraft:wheat":58,"croptopia:avocado_crop":1,"minecraft:grass":115,"minecraft:loom":2,"minecraft:sand":35,"minecraft:dirt":1,"minecraft:netherrack":1,"minecraft:oak_leaves":3,"minecraft:diamond_ore":82,"minecraft:crying_obsidian":8,"minecraft:mossy_cobblestone":8,"minecraft:dark_oak_leaves":1,"minecraft:dark_oak_log":4,"minecraft:spruce_fence":1,"travelersbackpack:white_sleeping_bag":2,"minecraft:spruce_leaves":269,"minecraft:sandstone":24,"minecraft:hay_block":37,"minecraft:redstone_ore":3,"minecraft:spruce_sapling":1,"minecraft:furnace":9,"minecraft:carrots":5,"minecraft:chiseled_sandstone":7,"minecraft:andesite":29,"minecraft:bookshelf":24,"minecraft:potatoes":8,"minecraft:cobblestone_slab":1,"minecraft:vine":13,"minecraft:stripped_oak_log":4,"byg:rocky_stone":1,"minecraft:stone":258,"minecraft:smithing_table":1,"minecraft:glass_pane":3,"lycanitesmobs:shadowfire":9,"minecraft:polished_granite":2,"minecraft:smooth_sandstone":4,"minecraft:crafting_table":5,"minecraft:emerald_ore":1,"minecraft:campfire":1,"minecraft:stone_slab":63,"minecraft:tall_grass":2,"minecraft:lapis_ore":38,"minecraft:diorite":5,"minecraft:birch_planks":3,"byg:prickly_pear_cactus":1,"minecraft:cactus":4,"byg:scoria_stone":16,"minecraft:trapped_chest":1,"minecraft:light_blue_bed":2,"minecraft:spruce_log":411,"byg:short_grass":11,"minecraft:gray_bed":3,"minecraft:coal_ore":67,"minecraft:gravel":80,"byg:palo_verde_log":7,"minecraft:lodestone":3,"minecraft:cracked_stone_bricks":2,"ars_nouveau:arcane_ore":5,"lycanitesmobs:scorchfire":4,"minecraft:gold_ore":7,"minecraft:mossy_stone_bricks":1,"minecraft:infested_stone":1},"minecraft:crafted":{"betteranimalsplus:venisoncooked":2,"minecraft:oak_planks":16,"minecraft:cut_sandstone":4,"croptopia:toast":18,"minecraft:cooked_mutton":2,"minecraft:glass":25,"tombstone:grave_key":18,"minecraft:chest":14,"travelersbackpack:iron_tier_upgrade":1,"minecraft:emerald":45,"minecraft:diamond_axe":2,"minecraft:crafting_table":4,"minecraft:spruce_planks":1104,"minecraft:iron_helmet":1,"minecraft:baked_potato":6,"minecraft:wooden_pickaxe":2,"travelersbackpack:standard":1,"minecraft:fletching_table":3,"minecraft:birch_planks":100,"minecraft:iron_chestplate":2,"minecraft:diamond_pickaxe":2,"minecraft:stone_slab":630,"minecraft:stick":1796,"minecraft:iron_ingot":142,"minecraft:iron_pickaxe":1,"minecraft:stone_sword":1,"minecraft:gold_ingot":16,"lycanitesmobs:cooked_maka_meat":7,"minecraft:coal":2,"minecraft:leather_boots":1,"minecraft:furnace":2,"minecraft:bone_meal":15,"lycanitesmobs:cooked_arisaur_meat":7,"travelersbackpack:blank_upgrade":4,"minecraft:diamond_block":22,"minecraft:flint_and_steel":1,"travelersbackpack:white_sleeping_bag":1,"minecraft:iron_axe":3,"minecraft:stone_pickaxe":1,"minecraft:dark_oak_planks":16,"minecraft:cooked_cod":10,"ironchest:gold_chest":4,"iceandfire:silver_ingot":3,"travelersbackpack:backpack_tank":4,"minecraft:iron_sword":1,"minecraft:bucket":4,"minecraft:stone_axe":2,"minecraft:bread":23,"minecraft:air":0,"minecraft:white_wool":4,"minecraft:wooden_axe":1,"minecraft:iron_leggings":2,"alexsmobs:roadrunner_boots":1,"minecraft:torch":38,"minecraft:lapis_lazuli":18,"minecraft:lapis_block":66,"ironchest:iron_chest":5}},"DataVersion":2586}